transaction_id,batch_id,process_code,status,transaction_date,warehouse_label,material_type,quantity,remarks
TXN-B1001-1,B1001,PR,APPROVED,2024-01-09T20:18:28Z,Vendor A,PS,1415.03,B1001:Collection
TXN-B1001-2,B1001,SEG,APPROVED,2024-01-10T01:39:33Z,Vendor A,PS,1287.01,B1001:Sorting
TXN-B1001-3,B1001,WSH,APPROVED,2024-01-10T06:42:22Z,Vendor A,PS,1203.43,B1001:Processing
TXN-B1001-4,B1001,REC,APPROVED,2024-01-10T09:54:22Z,Vendor A,PS,1091.54,B1001:Recycling
TXN-B1001-5,B1001,DSP,APPROVED,2024-01-10T14:26:59Z,Vendor A,PS,1060.42,B1001:Dispatch
TXN-B1002-1,B1002,PR,APPROVED,2024-01-28T17:44:50Z,Vendor A,HDPE,619.11,B1002:Collection
TXN-B1002-2,B1002,SEG,APPROVED,2024-01-28T20:19:08Z,Vendor A,HDPE,571.21,B1002:Sorting
TXN-B1002-3,B1002,WSH,APPROVED,2024-01-29T00:16:44Z,Vendor A,HDPE,528.24,B1002:Processing
TXN-B1002-4,B1002,REC,APPROVED,2024-01-29T06:12:23Z,Vendor A,HDPE,505.8,B1002:Recycling
TXN-B1002-5,B1002,DSP,APPROVED,2024-01-29T11:13:03Z,Vendor A,HDPE,460.35,B1002:Dispatch
TXN-B1003-1,B1003,PR,APPROVED,2024-01-30T05:59:16Z,Vendor A,LDPE,498.12,B1003:Collection
TXN-B1003-2,B1003,SEG,APPROVED,2024-01-30T11:31:27Z,Vendor A,LDPE,458.22,B1003:Sorting
TXN-B1003-3,B1003,WSH,APPROVED,2024-01-30T16:02:24Z,Vendor A,LDPE,435.18,B1003:Processing
TXN-B1003-4,B1003,REC,APPROVED,2024-01-30T18:51:40Z,Vendor A,LDPE,404.76,B1003:Recycling
TXN-B1003-5,B1003,DSP,APPROVED,2024-01-30T21:00:43Z,Vendor A,LDPE,388.17,B1003:Dispatch
TXN-B1004-1,B1004,PR,APPROVED,2024-01-06T02:51:31Z,Vendor A,PET,1091.01,B1004:Collection
TXN-B1004-2,B1004,SEG,APPROVED,2024-01-06T08:27:57Z,Vendor A,PET,1043.55,B1004:Sorting
TXN-B1004-3,B1004,WSH,APPROVED,2024-01-06T10:47:30Z,Vendor A,PET,984.57,B1004:Processing
TXN-B1004-4,B1004,REC,APPROVED,2024-01-06T15:54:51Z,Vendor A,PET,953.25,B1004:Recycling
TXN-B1004-5,B1004,DSP,APPROVED,2024-01-06T19:48:37Z,Vendor A,PET,927.96,B1004:Dispatch
TXN-B1005-1,B1005,PR,APPROVED,2024-01-14T13:10:41Z,Vendor A,PS,1134.55,B1005:Collection
TXN-B1005-2,B1005,SEG,APPROVED,2024-01-14T19:03:56Z,Vendor A,PS,1061.75,B1005:Sorting
TXN-B1005-3,B1005,WSH,APPROVED,2024-01-15T00:35:52Z,Vendor A,PS,1036.2,B1005:Processing
TXN-B1005-4,B1005,REC,APPROVED,2024-01-15T02:39:22Z,Vendor A,PS,942.03,B1005:Recycling
TXN-B1005-5,B1005,DSP,APPROVED,2024-01-15T08:36:31Z,Vendor A,PS,849.87,B1005:Dispatch
TXN-B1006-1,B1006,PR,APPROVED,2024-01-31T15:56:01Z,Vendor A,PET,583.75,B1006:Collection
TXN-B1006-2,B1006,SEG,APPROVED,2024-01-31T20:58:38Z,Vendor A,PET,543.95,B1006:Sorting
TXN-B1006-3,B1006,WSH,APPROVED,2024-02-01T00:09:34Z,Vendor A,PET,527.31,B1006:Processing
TXN-B1006-4,B1006,REC,APPROVED,2024-02-01T05:54:53Z,Vendor A,PET,511.08,B1006:Recycling
TXN-B1006-5,B1006,DSP,APPROVED,2024-02-01T07:59:01Z,Vendor A,PET,486.88,B1006:Dispatch
TXN-B1007-1,B1007,PR,APPROVED,2024-01-27T03:55:47Z,Vendor A,PS,641.13,B1007:Collection
TXN-B1007-2,B1007,SEG,APPROVED,2024-01-27T07:00:19Z,Vendor A,PS,613.7,B1007:Sorting
TXN-B1007-3,B1007,WSH,APPROVED,2024-01-27T10:42:51Z,Vendor A,PS,558.99,B1007:Processing
TXN-B1007-4,B1007,REC,APPROVED,2024-01-27T14:00:46Z,Vendor A,PS,523.99,B1007:Recycling
TXN-B1007-5,B1007,DSP,APPROVED,2024-01-27T17:58:56Z,Vendor A,PS,497.0,B1007:Dispatch
TXN-B1008-1,B1008,PR,APPROVED,2024-01-10T22:03:06Z,Vendor A,PP,1058.75,B1008:Collection
TXN-B1008-2,B1008,SEG,APPROVED,2024-01-11T03:49:03Z,Vendor A,PP,968.93,B1008:Sorting
TXN-B1008-3,B1008,WSH,APPROVED,2024-01-11T08:01:25Z,Vendor A,PP,913.58,B1008:Processing
TXN-B1008-4,B1008,REC,APPROVED,2024-01-11T10:05:26Z,Vendor A,PP,893.36,B1008:Recycling
TXN-B1008-5,B1008,DSP,APPROVED,2024-01-11T13:19:24Z,Vendor A,PP,853.94,B1008:Dispatch
TXN-B1009-1,B1009,PR,APPROVED,2024-01-05T05:17:25Z,Vendor A,PET,1300.71,B1009:Collection
TXN-B1009-2,B1009,SEG,APPROVED,2024-01-05T08:50:57Z,Vendor A,PET,1224.01,B1009:Sorting
TXN-B1009-3,B1009,WSH,APPROVED,2024-01-05T12:08:26Z,Vendor A,PET,1121.2,B1009:Processing
TXN-B1009-4,B1009,REC,APPROVED,2024-01-05T16:52:10Z,Vendor A,PET,1090.18,B1009:Recycling
TXN-B1009-5,B1009,DSP,APPROVED,2024-01-05T20:11:48Z,Vendor A,PET,1004.48,B1009:Dispatch
TXN-B1010-1,B1010,PR,APPROVED,2024-01-12T04:00:54Z,Vendor A,PET,636.1,B1010:Collection
TXN-B1010-2,B1010,SEG,APPROVED,2024-01-12T06:30:22Z,Vendor A,PET,600.99,B1010:Sorting
TXN-B1010-3,B1010,WSH,APPROVED,2024-01-12T11:10:19Z,Vendor A,PET,541.93,B1010:Processing
TXN-B1010-4,B1010,REC,APPROVED,2024-01-12T15:20:31Z,Vendor A,PET,499.54,B1010:Recycling
TXN-B1010-5,B1010,DSP,APPROVED,2024-01-12T17:38:48Z,Vendor A,PET,450.4,B1010:Dispatch
TXN-B1011-1,B1011,PR,APPROVED,2024-01-09T16:13:38Z,Vendor A,LDPE,622.49,B1011:Collection
TXN-B1011-2,B1011,SEG,APPROVED,2024-01-09T19:33:07Z,Vendor A,LDPE,589.95,B1011:Sorting
TXN-B1011-3,B1011,WSH,APPROVED,2024-01-10T00:45:10Z,Vendor A,LDPE,568.76,B1011:Processing
TXN-B1011-4,B1011,REC,APPROVED,2024-01-10T03:08:59Z,Vendor A,LDPE,529.56,B1011:Recycling
TXN-B1011-5,B1011,DSP,APPROVED,2024-01-10T07:32:46Z,Vendor A,LDPE,485.55,B1011:Dispatch
TXN-B1012-1,B1012,PR,APPROVED,2024-01-17T00:06:33Z,Vendor A,PS,1411.24,B1012:Collection
TXN-B1012-2,B1012,SEG,APPROVED,2024-01-17T04:20:55Z,Vendor A,PS,1309.66,B1012:Sorting
TXN-B1012-3,B1012,WSH,APPROVED,2024-01-17T06:38:33Z,Vendor A,PS,1274.86,B1012:Processing
TXN-B1012-4,B1012,REC,APPROVED,2024-01-17T11:24:08Z,Vendor A,PS,1180.44,B1012:Recycling
TXN-B1012-5,B1012,DSP,APPROVED,2024-01-17T17:13:34Z,Vendor A,PS,1141.47,B1012:Dispatch
TXN-B1013-1,B1013,PR,APPROVED,2024-01-21T20:49:54Z,Vendor A,HDPE,580.37,B1013:Collection
TXN-B1013-2,B1013,SEG,APPROVED,2024-01-21T23:45:17Z,Vendor A,HDPE,530.64,B1013:Sorting
TXN-B1013-3,B1013,WSH,APPROVED,2024-01-22T01:45:55Z,Vendor A,HDPE,478.69,B1013:Processing
TXN-B1013-4,B1013,REC,APPROVED,2024-01-22T07:38:13Z,Vendor A,HDPE,438.77,B1013:Recycling
TXN-B1013-5,B1013,DSP,APPROVED,2024-01-22T11:06:26Z,Vendor A,HDPE,406.88,B1013:Dispatch
TXN-B1014-1,B1014,PR,APPROVED,2024-01-04T08:45:43Z,Vendor A,PVC,802.97,B1014:Collection
TXN-B1014-2,B1014,SEG,APPROVED,2024-01-04T12:32:19Z,Vendor A,PVC,758.03,B1014:Sorting
TXN-B1014-3,B1014,WSH,APPROVED,2024-01-04T14:51:17Z,Vendor A,PVC,742.07,B1014:Processing
TXN-B1014-4,B1014,REC,APPROVED,2024-01-04T18:09:47Z,Vendor A,PVC,677.06,B1014:Recycling
TXN-B1014-5,B1014,DSP,APPROVED,2024-01-04T22:59:28Z,Vendor A,PVC,644.42,B1014:Dispatch
TXN-B1015-1,B1015,PR,APPROVED,2024-01-04T20:33:28Z,Vendor A,PVC,1254.18,B1015:Collection
TXN-B1015-2,B1015,SEG,APPROVED,2024-01-05T00:41:19Z,Vendor A,PVC,1170.72,B1015:Sorting
TXN-B1015-3,B1015,WSH,APPROVED,2024-01-05T03:45:35Z,Vendor A,PVC,1058.61,B1015:Processing
TXN-B1015-4,B1015,REC,APPROVED,2024-01-05T09:14:08Z,Vendor A,PVC,1005.99,B1015:Recycling
TXN-B1015-5,B1015,DSP,APPROVED,2024-01-05T11:56:43Z,Vendor A,PVC,982.91,B1015:Dispatch
TXN-B1016-1,B1016,PR,APPROVED,2024-01-27T16:37:11Z,Vendor A,PET,1394.26,B1016:Collection
TXN-B1016-2,B1016,SEG,APPROVED,2024-01-27T21:44:00Z,Vendor A,PET,1257.67,B1016:Sorting
TXN-B1016-3,B1016,WSH,APPROVED,2024-01-28T01:46:32Z,Vendor A,PET,1196.91,B1016:Processing
TXN-B1016-4,B1016,REC,APPROVED,2024-01-28T07:16:14Z,Vendor A,PET,1115.62,B1016:Recycling
TXN-B1016-5,B1016,DSP,APPROVED,2024-01-28T10:08:41Z,Vendor A,PET,1086.38,B1016:Dispatch
TXN-B1017-1,B1017,PR,APPROVED,2024-01-11T06:17:33Z,Vendor A,PS,1235.9,B1017:Collection
TXN-B1017-2,B1017,SEG,APPROVED,2024-01-11T11:57:22Z,Vendor A,PS,1199.33,B1017:Sorting
TXN-B1017-3,B1017,WSH,APPROVED,2024-01-11T14:55:15Z,Vendor A,PS,1099.78,B1017:Processing
TXN-B1017-4,B1017,REC,APPROVED,2024-01-11T17:42:01Z,Vendor A,PS,1052.34,B1017:Recycling
TXN-B1017-5,B1017,DSP,APPROVED,2024-01-11T21:38:00Z,Vendor A,PS,1009.05,B1017:Dispatch
TXN-B1018-1,B1018,PR,APPROVED,2024-01-26T23:23:15Z,Vendor A,PVC,1466.26,B1018:Collection
TXN-B1018-2,B1018,SEG,APPROVED,2024-01-27T03:11:42Z,Vendor A,PVC,1377.35,B1018:Sorting
TXN-B1018-3,B1018,WSH,APPROVED,2024-01-27T07:25:28Z,Vendor A,PVC,1242.42,B1018:Processing
TXN-B1018-4,B1018,REC,APPROVED,2024-01-27T11:49:22Z,Vendor A,PVC,1207.08,B1018:Recycling
TXN-B1018-5,B1018,DSP,APPROVED,2024-01-27T14:58:27Z,Vendor A,PVC,1127.64,B1018:Dispatch
TXN-B1019-1,B1019,PR,APPROVED,2024-01-23T05:19:26Z,Vendor A,LDPE,1280.89,B1019:Collection
TXN-B1019-2,B1019,SEG,APPROVED,2024-01-23T09:42:51Z,Vendor A,LDPE,1174.46,B1019:Sorting
TXN-B1019-3,B1019,WSH,APPROVED,2024-01-23T14:20:16Z,Vendor A,LDPE,1081.3,B1019:Processing
TXN-B1019-4,B1019,REC,APPROVED,2024-01-23T20:03:31Z,Vendor A,LDPE,1007.55,B1019:Recycling
TXN-B1019-5,B1019,DSP,APPROVED,2024-01-23T23:34:50Z,Vendor A,LDPE,963.35,B1019:Dispatch
TXN-B1020-1,B1020,PR,APPROVED,2024-01-13T16:08:19Z,Vendor A,PS,1318.03,B1020:Collection
TXN-B1020-2,B1020,SEG,APPROVED,2024-01-13T18:54:37Z,Vendor A,PS,1263.27,B1020:Sorting
TXN-B1020-3,B1020,WSH,APPROVED,2024-01-13T22:35:26Z,Vendor A,PS,1193.05,B1020:Processing
TXN-B1020-4,B1020,REC,APPROVED,2024-01-14T02:52:27Z,Vendor A,PS,1158.48,B1020:Recycling
TXN-B1020-5,B1020,DSP,APPROVED,2024-01-14T08:26:38Z,Vendor A,PS,1086.99,B1020:Dispatch
TXN-B1021-1,B1021,PR,APPROVED,2024-01-19T05:12:08Z,Vendor B,PVC,1043.01,B1021:Collection
TXN-B1021-2,B1021,SEG,APPROVED,2024-01-20T02:40:35Z,Vendor B,PVC,843.53,B1021:Sorting
TXN-B1021-3,B1021,WSH,APPROVED,2024-01-21T00:05:46Z,Vendor B,PVC,744.13,B1021:Processing
TXN-B1021-4,B1021,REC,APPROVED,2024-01-21T23:54:01Z,Vendor B,PVC,576.23,B1021:Recycling
TXN-B1021-5,B1021,DSP,APPROVED,2024-01-22T22:10:05Z,Vendor B,PVC,463.26,B1021:Dispatch
TXN-B1022-1,B1022,PR,APPROVED,2024-01-16T13:45:22Z,Vendor B,PVC,751.63,B1022:Collection
TXN-B1022-2,B1022,SEG,APPROVED,2024-01-16T23:47:35Z,Vendor B,PVC,577.25,B1022:Sorting
TXN-B1022-3,B1022,WSH,APPROVED,2024-01-17T21:18:10Z,Vendor B,PVC,476.44,B1022:Processing
TXN-B1022-4,B1022,REC,APPROVED,2024-01-18T12:17:10Z,Vendor B,PVC,367.98,B1022:Recycling
TXN-B1022-5,B1022,DSP,APPROVED,2024-01-19T04:06:07Z,Vendor B,PVC,299.52,B1022:Dispatch
TXN-B1023-1,B1023,PR,APPROVED,2024-01-17T05:34:34Z,Vendor B,PP,1766.86,B1023:Collection
TXN-B1023-2,B1023,SEG,APPROVED,2024-01-17T22:39:09Z,Vendor B,PP,1575.17,B1023:Sorting
TXN-B1023-3,B1023,WSH,APPROVED,2024-01-18T04:54:37Z,Vendor B,PP,1376.3,B1023:Processing
TXN-B1023-4,B1023,REC,APPROVED,2024-01-19T02:10:54Z,Vendor B,PP,1088.98,B1023:Recycling
TXN-B1023-5,B1023,DSP,APPROVED,2024-01-19T10:17:54Z,Vendor B,PP,957.75,B1023:Dispatch
TXN-B1024-1,B1024,PR,APPROVED,2024-01-16T03:36:21Z,Vendor B,PVC,692.51,B1024:Collection
TXN-B1024-2,B1024,SEG,APPROVED,2024-01-16T16:02:33Z,Vendor B,PVC,558.5,B1024:Sorting
TXN-B1024-3,B1024,WSH,APPROVED,2024-01-17T03:54:35Z,Vendor B,PVC,470.05,B1024:Processing
TXN-B1024-4,B1024,REC,APPROVED,2024-01-17T17:19:07Z,Vendor B,PVC,356.34,B1024:Recycling
TXN-B1024-5,B1024,DSP,APPROVED,2024-01-18T14:15:20Z,Vendor B,PVC,290.76,B1024:Dispatch
TXN-B1025-1,B1025,PR,APPROVED,2024-01-04T19:02:20Z,Vendor B,HDPE,1274.9,B1025:Collection
TXN-B1025-2,B1025,SEG,APPROVED,2024-01-05T05:03:56Z,Vendor B,HDPE,1124.11,B1025:Sorting
TXN-B1025-3,B1025,WSH,APPROVED,2024-01-05T22:20:11Z,Vendor B,HDPE,864.67,B1025:Processing
TXN-B1025-4,B1025,REC,APPROVED,2024-01-06T12:52:27Z,Vendor B,HDPE,759.56,B1025:Recycling
TXN-B1025-5,B1025,DSP,APPROVED,2024-01-07T11:32:40Z,Vendor B,HDPE,574.49,B1025:Dispatch
TXN-B1026-1,B1026,PR,APPROVED,2024-01-11T08:41:46Z,Vendor B,LDPE,933.76,B1026:Collection
TXN-B1026-2,B1026,SEG,APPROVED,2024-01-11T15:10:31Z,Vendor B,LDPE,739.08,B1026:Sorting
TXN-B1026-3,B1026,WSH,APPROVED,2024-01-12T09:47:36Z,Vendor B,LDPE,595.54,B1026:Processing
TXN-B1026-4,B1026,REC,APPROVED,2024-01-12T18:41:05Z,Vendor B,LDPE,460.07,B1026:Recycling
TXN-B1026-5,B1026,DSP,APPROVED,2024-01-13T03:22:40Z,Vendor B,LDPE,412.51,B1026:Dispatch
TXN-B1027-1,B1027,PR,APPROVED,2024-01-13T05:14:11Z,Vendor B,LDPE,1670.09,B1027:Collection
TXN-B1027-2,B1027,SEG,APPROVED,2024-01-13T22:31:22Z,Vendor B,LDPE,1345.29,B1027:Sorting
TXN-B1027-3,B1027,WSH,APPROVED,2024-01-14T21:30:31Z,Vendor B,LDPE,1058.21,B1027:Processing
TXN-B1027-4,B1027,REC,APPROVED,2024-01-15T16:00:35Z,Vendor B,LDPE,885.73,B1027:Recycling
TXN-B1027-5,B1027,DSP,APPROVED,2024-01-16T06:05:19Z,Vendor B,LDPE,728.06,B1027:Dispatch
TXN-B1028-1,B1028,PR,APPROVED,2024-01-19T05:09:21Z,Vendor B,PS,555.1,B1028:Collection
TXN-B1028-2,B1028,SEG,APPROVED,2024-01-20T00:30:24Z,Vendor B,PS,426.02,B1028:Sorting
TXN-B1028-3,B1028,WSH,APPROVED,2024-01-20T06:51:40Z,Vendor B,PS,379.98,B1028:Processing
TXN-B1028-4,B1028,REC,APPROVED,2024-01-21T03:47:47Z,Vendor B,PS,288.44,B1028:Recycling
TXN-B1028-5,B1028,DSP,APPROVED,2024-01-22T01:08:14Z,Vendor B,PS,224.28,B1028:Dispatch
TXN-B1029-1,B1029,PR,APPROVED,2024-01-14T19:31:54Z,Vendor B,PS,789.24,B1029:Collection
TXN-B1029-2,B1029,SEG,APPROVED,2024-01-15T06:44:20Z,Vendor B,PS,702.51,B1029:Sorting
TXN-B1029-3,B1029,WSH,APPROVED,2024-01-15T16:37:26Z,Vendor B,PS,569.44,B1029:Processing
TXN-B1029-4,B1029,REC,APPROVED,2024-01-16T14:07:16Z,Vendor B,PS,451.47,B1029:Recycling
TXN-B1029-5,B1029,DSP,APPROVED,2024-01-17T02:34:19Z,Vendor B,PS,405.22,B1029:Dispatch
TXN-B1030-1,B1030,PR,APPROVED,2024-01-09T16:06:07Z,Vendor B,PS,676.51,B1030:Collection
TXN-B1030-2,B1030,SEG,APPROVED,2024-01-10T02:40:19Z,Vendor B,PS,591.35,B1030:Sorting
TXN-B1030-3,B1030,WSH,APPROVED,2024-01-10T17:11:04Z,Vendor B,PS,473.74,B1030:Processing
TXN-B1030-4,B1030,REC,APPROVED,2024-01-11T03:44:57Z,Vendor B,PS,410.96,B1030:Recycling
TXN-B1030-5,B1030,DSP,APPROVED,2024-01-11T13:00:25Z,Vendor B,PS,369.03,B1030:Dispatch
TXN-B1031-1,B1031,PR,APPROVED,2024-01-18T23:55:45Z,Vendor B,HDPE,602.8,B1031:Collection
TXN-B1031-2,B1031,SEG,APPROVED,2024-01-19T23:04:10Z,Vendor B,HDPE,533.94,B1031:Sorting
TXN-B1031-3,B1031,WSH,APPROVED,2024-01-20T20:41:07Z,Vendor B,HDPE,478.87,B1031:Processing
TXN-B1031-4,B1031,REC,APPROVED,2024-01-21T06:11:21Z,Vendor B,HDPE,424.73,B1031:Recycling
TXN-B1031-5,B1031,DSP,APPROVED,2024-01-21T22:53:27Z,Vendor B,HDPE,373.78,B1031:Dispatch
TXN-B1032-1,B1032,PR,APPROVED,2024-01-05T21:02:05Z,Vendor B,PET,1270.06,B1032:Collection
TXN-B1032-2,B1032,SEG,APPROVED,2024-01-06T06:40:18Z,Vendor B,PET,954.83,B1032:Sorting
TXN-B1032-3,B1032,WSH,APPROVED,2024-01-06T16:44:17Z,Vendor B,PET,781.1,B1032:Processing
TXN-B1032-4,B1032,REC,APPROVED,2024-01-07T12:50:21Z,Vendor B,PET,668.85,B1032:Recycling
TXN-B1032-5,B1032,DSP,APPROVED,2024-01-08T09:48:26Z,Vendor B,PET,554.86,B1032:Dispatch
TXN-B1033-1,B1033,PR,APPROVED,2024-01-17T01:58:51Z,Vendor B,LDPE,873.69,B1033:Collection
TXN-B1033-2,B1033,SEG,APPROVED,2024-01-17T11:38:28Z,Vendor B,LDPE,720.09,B1033:Sorting
TXN-B1033-3,B1033,WSH,APPROVED,2024-01-17T23:35:26Z,Vendor B,LDPE,568.87,B1033:Processing
TXN-B1033-4,B1033,REC,APPROVED,2024-01-18T22:17:51Z,Vendor B,LDPE,465.38,B1033:Recycling
TXN-B1033-5,B1033,DSP,APPROVED,2024-01-19T14:22:33Z,Vendor B,LDPE,401.9,B1033:Dispatch
TXN-B1034-1,B1034,PR,APPROVED,2024-01-17T09:01:02Z,Vendor B,PP,672.64,B1034:Collection
TXN-B1034-2,B1034,SEG,APPROVED,2024-01-17T18:09:27Z,Vendor B,PP,589.85,B1034:Sorting
TXN-B1034-3,B1034,WSH,APPROVED,2024-01-18T09:17:19Z,Vendor B,PP,524.75,B1034:Processing
TXN-B1034-4,B1034,REC,APPROVED,2024-01-19T06:44:02Z,Vendor B,PP,413.63,B1034:Recycling
TXN-B1034-5,B1034,DSP,APPROVED,2024-01-19T19:18:14Z,Vendor B,PP,323.1,B1034:Dispatch
TXN-B1035-1,B1035,PR,APPROVED,2024-01-15T01:35:26Z,Vendor B,PET,1219.59,B1035:Collection
TXN-B1035-2,B1035,SEG,APPROVED,2024-01-15T10:11:16Z,Vendor B,PET,963.42,B1035:Sorting
TXN-B1035-3,B1035,WSH,APPROVED,2024-01-15T20:52:54Z,Vendor B,PET,753.39,B1035:Processing
TXN-B1035-4,B1035,REC,APPROVED,2024-01-16T16:24:17Z,Vendor B,PET,673.88,B1035:Recycling
TXN-B1035-5,B1035,DSP,APPROVED,2024-01-17T12:14:37Z,Vendor B,PET,588.73,B1035:Dispatch
TXN-B1036-1,B1036,PR,APPROVED,2024-01-11T12:45:57Z,Vendor B,PP,587.54,B1036:Collection
TXN-B1036-2,B1036,SEG,APPROVED,2024-01-12T07:04:33Z,Vendor B,PP,450.56,B1036:Sorting
TXN-B1036-3,B1036,WSH,APPROVED,2024-01-12T13:55:20Z,Vendor B,PP,365.29,B1036:Processing
TXN-B1036-4,B1036,REC,APPROVED,2024-01-13T00:48:43Z,Vendor B,PP,304.24,B1036:Recycling
TXN-B1036-5,B1036,DSP,APPROVED,2024-01-13T16:20:14Z,Vendor B,PP,236.8,B1036:Dispatch
TXN-B1037-1,B1037,PR,APPROVED,2024-01-15T07:51:56Z,Vendor B,PS,1764.96,B1037:Collection
TXN-B1037-2,B1037,SEG,APPROVED,2024-01-15T14:12:37Z,Vendor B,PS,1582.09,B1037:Sorting
TXN-B1037-3,B1037,WSH,APPROVED,2024-01-16T12:12:05Z,Vendor B,PS,1288.28,B1037:Processing
TXN-B1037-4,B1037,REC,APPROVED,2024-01-16T21:39:02Z,Vendor B,PS,1136.54,B1037:Recycling
TXN-B1037-5,B1037,DSP,APPROVED,2024-01-17T18:01:51Z,Vendor B,PS,933.85,B1037:Dispatch
TXN-B1038-1,B1038,PR,APPROVED,2024-01-15T00:18:35Z,Vendor B,LDPE,1105.68,B1038:Collection
TXN-B1038-2,B1038,SEG,APPROVED,2024-01-15T22:27:21Z,Vendor B,LDPE,831.84,B1038:Sorting
TXN-B1038-3,B1038,WSH,APPROVED,2024-01-16T07:03:17Z,Vendor B,LDPE,647.77,B1038:Processing
TXN-B1038-4,B1038,REC,APPROVED,2024-01-16T18:52:00Z,Vendor B,LDPE,530.67,B1038:Recycling
TXN-B1038-5,B1038,DSP,APPROVED,2024-01-17T01:46:40Z,Vendor B,LDPE,447.1,B1038:Dispatch
TXN-B1039-1,B1039,PR,APPROVED,2024-01-21T08:07:50Z,Vendor B,PET,795.9,B1039:Collection
TXN-B1039-2,B1039,SEG,APPROVED,2024-01-21T18:20:12Z,Vendor B,PET,620.2,B1039:Sorting
TXN-B1039-3,B1039,WSH,APPROVED,2024-01-22T05:25:03Z,Vendor B,PET,504.61,B1039:Processing
TXN-B1039-4,B1039,REC,APPROVED,2024-01-22T18:29:47Z,Vendor B,PET,426.03,B1039:Recycling
TXN-B1039-5,B1039,DSP,APPROVED,2024-01-23T08:20:13Z,Vendor B,PET,329.63,B1039:Dispatch
TXN-B1040-1,B1040,PR,APPROVED,2024-01-03T02:17:28Z,Vendor B,LDPE,821.22,B1040:Collection
TXN-B1040-2,B1040,SEG,APPROVED,2024-01-03T18:03:44Z,Vendor B,LDPE,634.0,B1040:Sorting
TXN-B1040-3,B1040,WSH,APPROVED,2024-01-04T15:42:37Z,Vendor B,LDPE,509.3,B1040:Processing
TXN-B1040-4,B1040,REC,APPROVED,2024-01-05T11:46:59Z,Vendor B,LDPE,413.83,B1040:Recycling
TXN-B1040-5,B1040,DSP,APPROVED,2024-01-05T19:31:36Z,Vendor B,LDPE,369.24,B1040:Dispatch
TXN-B1041-1,B1041,PR,APPROVED,2024-01-25T08:59:44Z,Vendor C,PET,720.97,B1041:Collection
TXN-B1041-2,B1041,SEG,APPROVED,2024-01-26T04:40:07Z,Vendor C,PET,411.32,B1041:Sorting
TXN-B1041-3,B1041,WSH,APPROVED,2024-01-26T21:26:22Z,Vendor C,PET,273.66,B1041:Processing
TXN-B1041-4,B1041,REC,APPROVED,2024-01-27T13:02:22Z,Vendor C,PET,158.96,B1041:Recycling
TXN-B1041-5,B1041,DSP,APPROVED,2024-01-28T01:31:54Z,Vendor C,PET,83.15,B1041:Dispatch
TXN-B1042-1,B1042,PR,APPROVED,2024-01-12T04:13:39Z,Vendor C,LDPE,506.54,B1042:Collection
TXN-B1042-2,B1042,SEG,APPROVED,2024-01-13T00:38:52Z,Vendor C,LDPE,253.89,B1042:Sorting
TXN-B1042-3,B1042,WSH,APPROVED,2024-01-13T10:33:24Z,Vendor C,LDPE,176.6,B1042:Processing
TXN-B1042-4,B1042,REC,APPROVED,2024-01-13T21:32:49Z,Vendor C,LDPE,96.63,B1042:Recycling
TXN-B1042-5,B1042,DSP,APPROVED,2024-01-14T07:38:28Z,Vendor C,LDPE,67.64,B1042:Dispatch
TXN-B1043-1,B1043,PR,APPROVED,2024-01-22T21:33:21Z,Vendor C,LDPE,581.28,B1043:Collection
TXN-B1043-2,B1043,SEG,APPROVED,2024-01-23T19:39:34Z,Vendor C,LDPE,290.48,B1043:Sorting
TXN-B1043-3,B1043,WSH,APPROVED,2024-01-24T17:34:46Z,Vendor C,LDPE,152.9,B1043:Processing
TXN-B1043-4,B1043,REC,APPROVED,2024-01-25T14:54:11Z,Vendor C,LDPE,96.57,B1043:Recycling
TXN-B1043-5,B1043,DSP,APPROVED,2024-01-26T07:57:13Z,Vendor C,LDPE,50.39,B1043:Dispatch
TXN-B1044-1,B1044,PR,APPROVED,2024-01-13T03:45:26Z,Vendor C,HDPE,942.01,B1044:Collection
TXN-B1044-2,B1044,SEG,APPROVED,2024-01-13T11:55:32Z,Vendor C,HDPE,378.95,B1044:Sorting
TXN-B1044-3,B1044,WSH,APPROVED,2024-01-13T19:38:47Z,Vendor C,HDPE,203.19,B1044:Processing
TXN-B1044-4,B1044,REC,APPROVED,2024-01-14T03:34:33Z,Vendor C,HDPE,126.94,B1044:Recycling
TXN-B1044-5,B1044,DSP,APPROVED,2024-01-14T11:29:37Z,Vendor C,HDPE,68.1,B1044:Dispatch
TXN-B1045-1,B1045,PR,APPROVED,2024-01-21T18:37:43Z,Vendor C,PET,1133.6,B1045:Collection
TXN-B1045-2,B1045,SEG,APPROVED,2024-01-22T10:15:46Z,Vendor C,PET,580.87,B1045:Sorting
TXN-B1045-3,B1045,WSH,APPROVED,2024-01-23T09:20:40Z,Vendor C,PET,373.18,B1045:Processing
TXN-B1045-4,B1045,REC,APPROVED,2024-01-24T01:25:47Z,Vendor C,PET,234.62,B1045:Recycling
TXN-B1045-5,B1045,DSP,APPROVED,2024-01-24T21:59:31Z,Vendor C,PET,132.5,B1045:Dispatch
TXN-B1046-1,B1046,PR,APPROVED,2024-01-02T08:50:08Z,Vendor C,HDPE,1149.07,B1046:Collection
TXN-B1046-2,B1046,SEG,APPROVED,2024-01-02T23:27:47Z,Vendor C,HDPE,525.14,B1046:Sorting
TXN-B1046-3,B1046,WSH,APPROVED,2024-01-03T22:53:21Z,Vendor C,HDPE,355.63,B1046:Processing
TXN-B1046-4,B1046,REC,APPROVED,2024-01-04T16:24:42Z,Vendor C,HDPE,233.03,B1046:Recycling
TXN-B1046-5,B1046,DSP,APPROVED,2024-01-05T13:13:08Z,Vendor C,HDPE,143.72,B1046:Dispatch
TXN-B1047-1,B1047,PR,APPROVED,2024-01-05T16:30:29Z,Vendor C,PET,705.8,B1047:Collection
TXN-B1047-2,B1047,SEG,APPROVED,2024-01-06T06:34:12Z,Vendor C,PET,303.21,B1047:Sorting
TXN-B1047-3,B1047,WSH,APPROVED,2024-01-07T01:15:46Z,Vendor C,PET,176.77,B1047:Processing
TXN-B1047-4,B1047,REC,APPROVED,2024-01-07T09:35:12Z,Vendor C,PET,88.47,B1047:Recycling
TXN-B1047-5,B1047,DSP,APPROVED,2024-01-07T21:26:51Z,Vendor C,PET,45.58,B1047:Dispatch
TXN-B1048-1,B1048,PR,APPROVED,2024-01-19T22:04:00Z,Vendor C,PET,1196.29,B1048:Collection
TXN-B1048-2,B1048,SEG,APPROVED,2024-01-20T10:29:56Z,Vendor C,PET,549.34,B1048:Sorting
TXN-B1048-3,B1048,WSH,APPROVED,2024-01-20T17:03:39Z,Vendor C,PET,351.73,B1048:Processing
TXN-B1048-4,B1048,REC,APPROVED,2024-01-21T03:58:42Z,Vendor C,PET,190.27,B1048:Recycling
TXN-B1048-5,B1048,DSP,APPROVED,2024-01-21T14:21:11Z,Vendor C,PET,96.76,B1048:Dispatch
TXN-B1049-1,B1049,PR,APPROVED,2024-01-10T08:11:16Z,Vendor C,PET,1271.86,B1049:Collection
TXN-B1049-2,B1049,SEG,APPROVED,2024-01-10T22:49:26Z,Vendor C,PET,657.36,B1049:Sorting
TXN-B1049-3,B1049,WSH,APPROVED,2024-01-11T18:54:48Z,Vendor C,PET,370.16,B1049:Processing
TXN-B1049-4,B1049,REC,APPROVED,2024-01-12T16:41:12Z,Vendor C,PET,226.87,B1049:Recycling
TXN-B1049-5,B1049,DSP,APPROVED,2024-01-13T15:01:40Z,Vendor C,PET,142.1,B1049:Dispatch
TXN-B1050-1,B1050,PR,APPROVED,2024-01-29T12:47:38Z,Vendor C,LDPE,1058.92,B1050:Collection
TXN-B1050-2,B1050,SEG,APPROVED,2024-01-30T03:48:13Z,Vendor C,LDPE,515.48,B1050:Sorting
TXN-B1050-3,B1050,WSH,APPROVED,2024-01-31T02:29:17Z,Vendor C,LDPE,285.48,B1050:Processing
TXN-B1050-4,B1050,REC,APPROVED,2024-01-31T14:06:31Z,Vendor C,LDPE,183.67,B1050:Recycling
TXN-B1050-5,B1050,DSP,APPROVED,2024-02-01T04:13:13Z,Vendor C,LDPE,95.97,B1050:Dispatch
TXN-B1051-1,B1051,PR,APPROVED,2024-01-28T00:27:10Z,Vendor C,PP,1053.22,B1051:Collection
TXN-B1051-2,B1051,SEG,APPROVED,2024-01-28T20:35:19Z,Vendor C,PP,502.25,B1051:Sorting
TXN-B1051-3,B1051,WSH,APPROVED,2024-01-29T13:00:03Z,Vendor C,PP,261.62,B1051:Processing
TXN-B1051-4,B1051,REC,APPROVED,2024-01-30T11:38:45Z,Vendor C,PP,176.6,B1051:Recycling
TXN-B1051-5,B1051,DSP,APPROVED,2024-01-31T01:03:05Z,Vendor C,PP,112.21,B1051:Dispatch
TXN-B1052-1,B1052,PR,APPROVED,2024-01-24T07:40:22Z,Vendor C,PVC,320.76,B1052:Collection
TXN-B1052-2,B1052,SEG,APPROVED,2024-01-24T14:54:09Z,Vendor C,PVC,140.39,B1052:Sorting
TXN-B1052-3,B1052,WSH,APPROVED,2024-01-25T04:11:56Z,Vendor C,PVC,77.4,B1052:Processing
TXN-B1052-4,B1052,REC,APPROVED,2024-01-25T22:35:53Z,Vendor C,PVC,44.04,B1052:Recycling
TXN-B1052-5,B1052,DSP,APPROVED,2024-01-26T11:52:51Z,Vendor C,PVC,24.53,B1052:Dispatch
TXN-B1053-1,B1053,PR,APPROVED,2024-01-28T13:07:51Z,Vendor C,PET,1054.08,B1053:Collection
TXN-B1053-2,B1053,SEG,APPROVED,2024-01-29T11:18:42Z,Vendor C,PET,614.94,B1053:Sorting
TXN-B1053-3,B1053,WSH,APPROVED,2024-01-29T19:17:31Z,Vendor C,PET,419.25,B1053:Processing
TXN-B1053-4,B1053,REC,APPROVED,2024-01-30T10:17:50Z,Vendor C,PET,268.87,B1053:Recycling
TXN-B1053-5,B1053,DSP,APPROVED,2024-01-30T20:53:55Z,Vendor C,PET,173.71,B1053:Dispatch
TXN-B1054-1,B1054,PR,APPROVED,2024-01-15T12:42:10Z,Vendor C,HDPE,630.9,B1054:Collection
TXN-B1054-2,B1054,SEG,APPROVED,2024-01-16T07:45:02Z,Vendor C,HDPE,354.41,B1054:Sorting
TXN-B1054-3,B1054,WSH,APPROVED,2024-01-17T03:03:50Z,Vendor C,HDPE,197.13,B1054:Processing
TXN-B1054-4,B1054,REC,APPROVED,2024-01-17T10:29:33Z,Vendor C,HDPE,106.96,B1054:Recycling
TXN-B1054-5,B1054,DSP,APPROVED,2024-01-18T00:03:38Z,Vendor C,HDPE,54.59,B1054:Dispatch
TXN-B1055-1,B1055,PR,APPROVED,2024-01-15T12:15:23Z,Vendor C,PS,1334.45,B1055:Collection
TXN-B1055-2,B1055,SEG,APPROVED,2024-01-16T04:52:51Z,Vendor C,PS,537.59,B1055:Sorting
TXN-B1055-3,B1055,WSH,APPROVED,2024-01-16T11:05:00Z,Vendor C,PS,309.79,B1055:Processing
TXN-B1055-4,B1055,REC,APPROVED,2024-01-16T21:45:47Z,Vendor C,PS,205.51,B1055:Recycling
TXN-B1055-5,B1055,DSP,APPROVED,2024-01-17T19:25:15Z,Vendor C,PS,115.59,B1055:Dispatch
TXN-B1056-1,B1056,PR,APPROVED,2024-01-10T20:51:15Z,Vendor C,PP,763.32,B1056:Collection
TXN-B1056-2,B1056,SEG,APPROVED,2024-01-11T03:51:59Z,Vendor C,PP,378.12,B1056:Sorting
TXN-B1056-3,B1056,WSH,APPROVED,2024-01-12T02:12:13Z,Vendor C,PP,200.91,B1056:Processing
TXN-B1056-4,B1056,REC,APPROVED,2024-01-12T20:13:25Z,Vendor C,PP,121.18,B1056:Recycling
TXN-B1056-5,B1056,DSP,APPROVED,2024-01-13T05:42:45Z,Vendor C,PP,84.53,B1056:Dispatch
TXN-B1057-1,B1057,PR,APPROVED,2024-01-19T23:15:37Z,Vendor C,LDPE,615.41,B1057:Collection
TXN-B1057-2,B1057,SEG,APPROVED,2024-01-20T21:35:20Z,Vendor C,LDPE,352.63,B1057:Sorting
TXN-B1057-3,B1057,WSH,APPROVED,2024-01-21T08:59:35Z,Vendor C,LDPE,189.22,B1057:Processing
TXN-B1057-4,B1057,REC,APPROVED,2024-01-21T19:06:44Z,Vendor C,LDPE,132.35,B1057:Recycling
TXN-B1057-5,B1057,DSP,APPROVED,2024-01-22T15:22:26Z,Vendor C,LDPE,76.4,B1057:Dispatch
TXN-B1058-1,B1058,PR,APPROVED,2024-01-14T13:20:38Z,Vendor C,LDPE,460.31,B1058:Collection
TXN-B1058-2,B1058,SEG,APPROVED,2024-01-14T19:48:00Z,Vendor C,LDPE,202.37,B1058:Sorting
TXN-B1058-3,B1058,WSH,APPROVED,2024-01-15T17:49:00Z,Vendor C,LDPE,109.83,B1058:Processing
TXN-B1058-4,B1058,REC,APPROVED,2024-01-16T01:04:26Z,Vendor C,LDPE,60.88,B1058:Recycling
TXN-B1058-5,B1058,DSP,APPROVED,2024-01-16T09:53:21Z,Vendor C,LDPE,40.95,B1058:Dispatch
TXN-B1059-1,B1059,PR,APPROVED,2024-01-19T15:25:09Z,Vendor C,PS,863.51,B1059:Collection
TXN-B1059-2,B1059,SEG,APPROVED,2024-01-19T22:15:10Z,Vendor C,PS,432.25,B1059:Sorting
TXN-B1059-3,B1059,WSH,APPROVED,2024-01-20T08:00:44Z,Vendor C,PS,227.69,B1059:Processing
TXN-B1059-4,B1059,REC,APPROVED,2024-01-21T04:58:15Z,Vendor C,PS,125.95,B1059:Recycling
TXN-B1059-5,B1059,DSP,APPROVED,2024-01-21T16:54:41Z,Vendor C,PS,80.01,B1059:Dispatch
TXN-B1060-1,B1060,PR,APPROVED,2024-01-05T17:05:04Z,Vendor C,PET,965.46,B1060:Collection
TXN-B1060-2,B1060,SEG,APPROVED,2024-01-06T13:47:23Z,Vendor C,PET,465.9,B1060:Sorting
TXN-B1060-3,B1060,WSH,APPROVED,2024-01-07T09:33:11Z,Vendor C,PET,257.2,B1060:Processing
TXN-B1060-4,B1060,REC,APPROVED,2024-01-08T04:59:01Z,Vendor C,PET,174.27,B1060:Recycling
TXN-B1060-5,B1060,DSP,APPROVED,2024-01-08T23:44:30Z,Vendor C,PET,115.66,B1060:Dispatch
TXN-B1061-1,B1061,PR,APPROVED,2024-01-21T21:28:14Z,Vendor B,PS,1174.25,B1061:Collection
TXN-B1061-2,B1061,SEG,APPROVED,2024-01-24T12:38:12Z,Vendor B,PS,1064.53,B1061:Sorting
TXN-B1061-3,B1061,WSH,APPROVED,2024-01-27T04:04:25Z,Vendor B,PS,974.96,B1061:Processing
TXN-B1061-4,B1061,REC,APPROVED,2024-01-28T10:33:12Z,Vendor B,PS,911.79,B1061:Recycling
TXN-B1061-5,B1061,DSP,APPROVED,2024-01-31T01:25:57Z,Vendor B,PS,825.38,B1061:Dispatch
TXN-B1062-1,B1062,PR,APPROVED,2024-01-23T18:56:21Z,Vendor B,HDPE,799.53,B1062:Collection
TXN-B1062-2,B1062,SEG,APPROVED,2024-01-26T10:08:38Z,Vendor B,HDPE,732.16,B1062:Sorting
TXN-B1062-3,B1062,WSH,APPROVED,2024-01-27T10:58:27Z,Vendor B,HDPE,680.9,B1062:Processing
TXN-B1062-4,B1062,REC,APPROVED,2024-01-29T12:11:03Z,Vendor B,HDPE,636.42,B1062:Recycling
TXN-B1062-5,B1062,DSP,APPROVED,2024-01-30T23:53:50Z,Vendor B,HDPE,593.72,B1062:Dispatch
TXN-B1063-1,B1063,PR,APPROVED,2024-01-19T15:22:57Z,Vendor B,PET,824.33,B1063:Collection
TXN-B1063-2,B1063,SEG,APPROVED,2024-01-21T18:07:45Z,Vendor B,PET,771.6,B1063:Sorting
TXN-B1063-3,B1063,WSH,APPROVED,2024-01-23T16:49:20Z,Vendor B,PET,705.33,B1063:Processing
TXN-B1063-4,B1063,REC,APPROVED,2024-01-25T19:08:24Z,Vendor B,PET,657.7,B1063:Recycling
TXN-B1063-5,B1063,DSP,APPROVED,2024-01-28T17:11:45Z,Vendor B,PET,607.08,B1063:Dispatch
TXN-B1064-1,B1064,PR,APPROVED,2024-01-01T12:15:20Z,Vendor B,HDPE,1869.09,B1064:Collection
TXN-B1064-2,B1064,SEG,APPROVED,2024-01-04T03:04:12Z,Vendor B,HDPE,1700.88,B1064:Sorting
TXN-B1064-3,B1064,WSH,APPROVED,2024-01-06T05:45:11Z,Vendor B,HDPE,1582.14,B1064:Processing
TXN-B1064-4,B1064,REC,APPROVED,2024-01-07T12:12:36Z,Vendor B,HDPE,1493.45,B1064:Recycling
TXN-B1064-5,B1064,DSP,APPROVED,2024-01-08T14:06:40Z,Vendor B,HDPE,1410.13,B1064:Dispatch
TXN-B1065-1,B1065,PR,APPROVED,2024-01-13T08:50:50Z,Vendor B,PVC,521.52,B1065:Collection
TXN-B1065-2,B1065,SEG,APPROVED,2024-01-14T16:32:35Z,Vendor B,PVC,477.78,B1065:Sorting
TXN-B1065-3,B1065,WSH,APPROVED,2024-01-17T03:10:37Z,Vendor B,PVC,431.13,B1065:Processing
TXN-B1065-4,B1065,REC,APPROVED,2024-01-18T04:02:06Z,Vendor B,PVC,394.21,B1065:Recycling
TXN-B1065-5,B1065,DSP,APPROVED,2024-01-20T16:43:24Z,Vendor B,PVC,372.68,B1065:Dispatch
TXN-B1066-1,B1066,PR,APPROVED,2024-01-02T17:28:44Z,Vendor B,PS,680.67,B1066:Collection
TXN-B1066-2,B1066,SEG,APPROVED,2024-01-04T09:48:39Z,Vendor B,PS,616.58,B1066:Sorting
TXN-B1066-3,B1066,WSH,APPROVED,2024-01-05T13:37:05Z,Vendor B,PS,569.45,B1066:Processing
TXN-B1066-4,B1066,REC,APPROVED,2024-01-06T20:33:06Z,Vendor B,PS,512.93,B1066:Recycling
TXN-B1066-5,B1066,DSP,APPROVED,2024-01-09T18:07:31Z,Vendor B,PS,484.84,B1066:Dispatch
TXN-B1067-1,B1067,PR,APPROVED,2024-01-08T10:11:57Z,Vendor B,PET,1066.77,B1067:Collection
TXN-B1067-2,B1067,SEG,APPROVED,2024-01-09T11:21:57Z,Vendor B,PET,962.51,B1067:Sorting
TXN-B1067-3,B1067,WSH,APPROVED,2024-01-10T16:47:12Z,Vendor B,PET,894.88,B1067:Processing
TXN-B1067-4,B1067,REC,APPROVED,2024-01-12T07:12:18Z,Vendor B,PET,846.21,B1067:Recycling
TXN-B1067-5,B1067,DSP,APPROVED,2024-01-14T04:24:08Z,Vendor B,PET,798.05,B1067:Dispatch
TXN-B1068-1,B1068,PR,APPROVED,2024-01-05T00:37:39Z,Vendor B,PET,1465.2,B1068:Collection
TXN-B1068-2,B1068,SEG,APPROVED,2024-01-07T08:54:06Z,Vendor B,PET,1382.16,B1068:Sorting
TXN-B1068-3,B1068,WSH,APPROVED,2024-01-09T02:23:58Z,Vendor B,PET,1259.25,B1068:Processing
TXN-B1068-4,B1068,REC,APPROVED,2024-01-11T14:32:12Z,Vendor B,PET,1153.37,B1068:Recycling
TXN-B1068-5,B1068,DSP,APPROVED,2024-01-13T21:40:28Z,Vendor B,PET,1046.95,B1068:Dispatch
TXN-B1069-1,B1069,PR,APPROVED,2024-01-29T10:53:50Z,Vendor B,PVC,585.01,B1069:Collection
TXN-B1069-2,B1069,SEG,APPROVED,2024-02-01T04:43:47Z,Vendor B,PVC,555.43,B1069:Sorting
TXN-B1069-3,B1069,WSH,APPROVED,2024-02-02T08:40:39Z,Vendor B,PVC,506.4,B1069:Processing
TXN-B1069-4,B1069,REC,APPROVED,2024-02-03T16:56:42Z,Vendor B,PVC,457.0,B1069:Recycling
TXN-B1069-5,B1069,DSP,APPROVED,2024-02-06T13:52:11Z,Vendor B,PVC,421.52,B1069:Dispatch
TXN-B1070-1,B1070,PR,APPROVED,2024-01-25T23:41:33Z,Vendor B,PVC,948.82,B1070:Collection
TXN-B1070-2,B1070,SEG,APPROVED,2024-01-28T01:38:58Z,Vendor B,PVC,874.02,B1070:Sorting
TXN-B1070-3,B1070,WSH,APPROVED,2024-01-30T06:11:31Z,Vendor B,PVC,805.64,B1070:Processing
TXN-B1070-4,B1070,REC,APPROVED,2024-02-01T12:03:31Z,Vendor B,PVC,729.74,B1070:Recycling
TXN-B1070-5,B1070,DSP,APPROVED,2024-02-02T13:16:18Z,Vendor B,PVC,680.21,B1070:Dispatch
TXN-B1071-1,B1071,PR,APPROVED,2024-01-20T21:12:39Z,Vendor B,LDPE,659.5,B1071:Collection
TXN-B1071-2,B1071,SEG,APPROVED,2024-01-22T09:40:27Z,Vendor B,LDPE,626.05,B1071:Sorting
TXN-B1071-3,B1071,WSH,APPROVED,2024-01-25T03:23:26Z,Vendor B,LDPE,583.74,B1071:Processing
TXN-B1071-4,B1071,REC,APPROVED,2024-01-27T11:16:59Z,Vendor B,LDPE,535.54,B1071:Recycling
TXN-B1071-5,B1071,DSP,APPROVED,2024-01-30T09:09:14Z,Vendor B,LDPE,500.15,B1071:Dispatch
TXN-B1072-1,B1072,PR,APPROVED,2024-01-11T08:11:26Z,Vendor B,PET,1147.8,B1072:Collection
TXN-B1072-2,B1072,SEG,APPROVED,2024-01-13T16:03:06Z,Vendor B,PET,1088.25,B1072:Sorting
TXN-B1072-3,B1072,WSH,APPROVED,2024-01-15T04:20:46Z,Vendor B,PET,982.94,B1072:Processing
TXN-B1072-4,B1072,REC,APPROVED,2024-01-16T08:00:34Z,Vendor B,PET,917.2,B1072:Recycling
TXN-B1072-5,B1072,DSP,APPROVED,2024-01-18T04:06:48Z,Vendor B,PET,841.07,B1072:Dispatch
TXN-B1073-1,B1073,PR,APPROVED,2024-01-26T21:17:05Z,Vendor B,PP,1122.18,B1073:Collection
TXN-B1073-2,B1073,SEG,APPROVED,2024-01-29T06:25:50Z,Vendor B,PP,1014.74,B1073:Sorting
TXN-B1073-3,B1073,WSH,APPROVED,2024-01-31T11:40:02Z,Vendor B,PP,927.96,B1073:Processing
TXN-B1073-4,B1073,REC,APPROVED,2024-02-02T04:33:07Z,Vendor B,PP,860.62,B1073:Recycling
TXN-B1073-5,B1073,DSP,APPROVED,2024-02-04T07:08:59Z,Vendor B,PP,809.36,B1073:Dispatch
TXN-B1074-1,B1074,PR,APPROVED,2024-01-06T19:33:07Z,Vendor B,PS,734.31,B1074:Collection
TXN-B1074-2,B1074,SEG,APPROVED,2024-01-09T14:21:15Z,Vendor B,PS,687.87,B1074:Sorting
TXN-B1074-3,B1074,WSH,APPROVED,2024-01-12T02:37:01Z,Vendor B,PS,635.97,B1074:Processing
TXN-B1074-4,B1074,REC,APPROVED,2024-01-13T20:13:01Z,Vendor B,PS,578.13,B1074:Recycling
TXN-B1074-5,B1074,DSP,APPROVED,2024-01-16T19:44:32Z,Vendor B,PS,535.13,B1074:Dispatch
TXN-B1075-1,B1075,PR,APPROVED,2024-01-25T02:14:50Z,Vendor B,PS,568.71,B1075:Collection
TXN-B1075-2,B1075,SEG,APPROVED,2024-01-27T04:18:49Z,Vendor B,PS,512.99,B1075:Sorting
TXN-B1075-3,B1075,WSH,APPROVED,2024-01-28T22:36:35Z,Vendor B,PS,474.95,B1075:Processing
TXN-B1075-4,B1075,REC,APPROVED,2024-01-30T16:02:37Z,Vendor B,PS,429.93,B1075:Recycling
TXN-B1075-5,B1075,DSP,APPROVED,2024-01-31T21:36:16Z,Vendor B,PS,387.69,B1075:Dispatch
TXN-B1076-1,B1076,PR,APPROVED,2024-01-06T13:45:01Z,Vendor B,LDPE,605.03,B1076:Collection
TXN-B1076-2,B1076,SEG,APPROVED,2024-01-08T09:11:37Z,Vendor B,LDPE,565.75,B1076:Sorting
TXN-B1076-3,B1076,WSH,APPROVED,2024-01-11T03:49:36Z,Vendor B,LDPE,522.02,B1076:Processing
TXN-B1076-4,B1076,REC,APPROVED,2024-01-13T07:05:10Z,Vendor B,LDPE,472.1,B1076:Recycling
TXN-B1076-5,B1076,DSP,APPROVED,2024-01-15T06:37:46Z,Vendor B,LDPE,440.23,B1076:Dispatch
TXN-B1077-1,B1077,PR,APPROVED,2024-01-29T05:22:32Z,Vendor B,HDPE,1552.91,B1077:Collection
TXN-B1077-2,B1077,SEG,APPROVED,2024-01-30T15:39:11Z,Vendor B,HDPE,1452.5,B1077:Sorting
TXN-B1077-3,B1077,WSH,APPROVED,2024-02-02T14:29:47Z,Vendor B,HDPE,1350.27,B1077:Processing
TXN-B1077-4,B1077,REC,APPROVED,2024-02-04T08:29:49Z,Vendor B,HDPE,1234.74,B1077:Recycling
TXN-B1077-5,B1077,DSP,APPROVED,2024-02-05T13:00:45Z,Vendor B,HDPE,1140.57,B1077:Dispatch
TXN-B1078-1,B1078,PR,APPROVED,2024-01-28T05:54:04Z,Vendor B,PET,1226.04,B1078:Collection
TXN-B1078-2,B1078,SEG,APPROVED,2024-01-30T23:56:55Z,Vendor B,PET,1121.05,B1078:Sorting
TXN-B1078-3,B1078,WSH,APPROVED,2024-02-01T04:19:46Z,Vendor B,PET,1038.68,B1078:Processing
TXN-B1078-4,B1078,REC,APPROVED,2024-02-03T11:02:13Z,Vendor B,PET,935.56,B1078:Recycling
TXN-B1078-5,B1078,DSP,APPROVED,2024-02-04T21:36:23Z,Vendor B,PET,856.45,B1078:Dispatch
TXN-B1079-1,B1079,PR,APPROVED,2024-01-24T22:41:22Z,Vendor B,HDPE,1824.02,B1079:Collection
TXN-B1079-2,B1079,SEG,APPROVED,2024-01-26T14:39:32Z,Vendor B,HDPE,1665.67,B1079:Sorting
TXN-B1079-3,B1079,WSH,APPROVED,2024-01-27T20:14:20Z,Vendor B,HDPE,1541.84,B1079:Processing
TXN-B1079-4,B1079,REC,APPROVED,2024-01-30T13:47:32Z,Vendor B,HDPE,1447.84,B1079:Recycling
TXN-B1079-5,B1079,DSP,APPROVED,2024-02-02T03:00:11Z,Vendor B,HDPE,1359.21,B1079:Dispatch
TXN-B1080-1,B1080,PR,APPROVED,2024-01-08T15:56:36Z,Vendor B,PVC,1349.98,B1080:Collection
TXN-B1080-2,B1080,SEG,APPROVED,2024-01-11T06:52:47Z,Vendor B,PVC,1280.61,B1080:Sorting
TXN-B1080-3,B1080,WSH,APPROVED,2024-01-13T14:14:29Z,Vendor B,PVC,1177.15,B1080:Processing
TXN-B1080-4,B1080,REC,APPROVED,2024-01-15T22:23:42Z,Vendor B,PVC,1070.26,B1080:Recycling
TXN-B1080-5,B1080,DSP,APPROVED,2024-01-17T16:00:14Z,Vendor B,PVC,1003.34,B1080:Dispatch
TXN-B1081-1,B1081,PR,APPROVED,2024-01-05T10:44:49Z,Vendor C,PVC,767.11,B1081:Collection
TXN-B1081-2,B1081,SEG,APPROVED,2024-01-06T13:10:20Z,Vendor C,PVC,596.75,B1081:Sorting
TXN-B1081-3,B1081,WSH,APPROVED,2024-01-07T17:38:27Z,Vendor C,PVC,329.85,B1081:Processing
TXN-B1081-4,B1081,REC,APPROVED,2024-01-08T07:06:51Z,Vendor C,PVC,292.6,B1081:Recycling
TXN-B1081-5,B1081,DSP,APPROVED,2024-01-10T03:49:03Z,Vendor C,PVC,189.34,B1081:Dispatch
TXN-B1082-1,B1082,PR,APPROVED,2024-01-07T16:12:51Z,Vendor C,HDPE,618.38,B1082:Collection
TXN-B1082-2,B1082,SEG,APPROVED,2024-01-08T23:48:15Z,Vendor C,HDPE,365.52,B1082:Sorting
TXN-B1082-3,B1082,WSH,APPROVED,2024-01-10T20:10:52Z,Vendor C,HDPE,218.71,B1082:Processing
TXN-B1082-4,B1082,REC,APPROVED,2024-01-12T12:35:43Z,Vendor C,HDPE,144.6,B1082:Recycling
TXN-B1082-5,B1082,DSP,APPROVED,2024-01-14T05:08:56Z,Vendor C,HDPE,100.45,B1082:Dispatch
TXN-B1083-1,B1083,PR,APPROVED,2024-01-06T05:14:08Z,Vendor C,PVC,1631.28,B1083:Collection
TXN-B1083-2,B1083,SEG,APPROVED,2024-01-07T06:40:07Z,Vendor C,PVC,1428.44,B1083:Sorting
TXN-B1083-3,B1083,WSH,APPROVED,2024-01-08T15:54:00Z,Vendor C,PVC,749.53,B1083:Processing
TXN-B1083-4,B1083,REC,APPROVED,2024-01-09T06:28:11Z,Vendor C,PVC,679.17,B1083:Recycling
TXN-B1083-5,B1083,DSP,APPROVED,2024-01-10T19:03:34Z,Vendor C,PVC,483.27,B1083:Dispatch
TXN-B1084-1,B1084,PR,APPROVED,2024-01-13T14:54:30Z,Vendor C,PS,708.15,B1084:Collection
TXN-B1084-2,B1084,SEG,APPROVED,2024-01-14T09:33:31Z,Vendor C,PS,446.26,B1084:Sorting
TXN-B1084-3,B1084,WSH,APPROVED,2024-01-15T19:01:20Z,Vendor C,PS,268.81,B1084:Processing
TXN-B1084-4,B1084,REC,APPROVED,2024-01-16T10:50:41Z,Vendor C,PS,204.83,B1084:Recycling
TXN-B1084-5,B1084,DSP,APPROVED,2024-01-17T12:01:10Z,Vendor C,PS,104.35,B1084:Dispatch
TXN-B1085-1,B1085,PR,APPROVED,2024-01-20T03:24:16Z,Vendor C,HDPE,443.07,B1085:Collection
TXN-B1085-2,B1085,SEG,APPROVED,2024-01-21T19:19:19Z,Vendor C,HDPE,310.89,B1085:Sorting
TXN-B1085-3,B1085,WSH,APPROVED,2024-01-23T01:57:09Z,Vendor C,HDPE,289.36,B1085:Processing
TXN-B1085-4,B1085,REC,APPROVED,2024-01-24T12:09:59Z,Vendor C,HDPE,218.15,B1085:Recycling
TXN-B1085-5,B1085,DSP,APPROVED,2024-01-25T12:55:18Z,Vendor C,HDPE,114.31,B1085:Dispatch
TXN-B1086-1,B1086,PR,APPROVED,2024-01-07T02:17:11Z,Vendor C,PP,460.81,B1086:Collection
TXN-B1086-2,B1086,SEG,APPROVED,2024-01-07T21:27:40Z,Vendor C,PP,372.73,B1086:Sorting
TXN-B1086-3,B1086,WSH,APPROVED,2024-01-09T21:24:46Z,Vendor C,PP,257.51,B1086:Processing
TXN-B1086-4,B1086,REC,APPROVED,2024-01-10T16:26:04Z,Vendor C,PP,158.28,B1086:Recycling
TXN-B1086-5,B1086,DSP,APPROVED,2024-01-11T07:19:10Z,Vendor C,PP,86.28,B1086:Dispatch
TXN-B1087-1,B1087,PR,APPROVED,2024-01-24T00:10:30Z,Vendor C,HDPE,1394.28,B1087:Collection
TXN-B1087-2,B1087,SEG,APPROVED,2024-01-25T17:55:16Z,Vendor C,HDPE,819.22,B1087:Sorting
TXN-B1087-3,B1087,WSH,APPROVED,2024-01-26T14:22:03Z,Vendor C,HDPE,755.97,B1087:Processing
TXN-B1087-4,B1087,REC,APPROVED,2024-01-27T12:41:47Z,Vendor C,HDPE,441.73,B1087:Recycling
TXN-B1087-5,B1087,DSP,APPROVED,2024-01-28T01:56:37Z,Vendor C,HDPE,350.34,B1087:Dispatch
TXN-B1088-1,B1088,PR,APPROVED,2024-01-22T07:47:06Z,Vendor C,PP,665.08,B1088:Collection
TXN-B1088-2,B1088,SEG,APPROVED,2024-01-23T09:16:55Z,Vendor C,PP,445.3,B1088:Sorting
TXN-B1088-3,B1088,WSH,APPROVED,2024-01-25T00:59:29Z,Vendor C,PP,416.11,B1088:Processing
TXN-B1088-4,B1088,REC,APPROVED,2024-01-26T04:06:10Z,Vendor C,PP,270.21,B1088:Recycling
TXN-B1088-5,B1088,DSP,APPROVED,2024-01-28T00:46:55Z,Vendor C,PP,218.24,B1088:Dispatch
TXN-B1089-1,B1089,PR,APPROVED,2024-01-01T17:59:36Z,Vendor C,PS,625.09,B1089:Collection
TXN-B1089-2,B1089,SEG,APPROVED,2024-01-02T16:35:08Z,Vendor C,PS,524.2,B1089:Sorting
TXN-B1089-3,B1089,WSH,APPROVED,2024-01-03T23:03:15Z,Vendor C,PS,491.11,B1089:Processing
TXN-B1089-4,B1089,REC,APPROVED,2024-01-05T13:33:15Z,Vendor C,PS,451.69,B1089:Recycling
TXN-B1089-5,B1089,DSP,APPROVED,2024-01-06T07:44:46Z,Vendor C,PS,268.7,B1089:Dispatch
TXN-B1090-1,B1090,PR,APPROVED,2024-01-08T11:55:20Z,Vendor C,PVC,713.61,B1090:Collection
TXN-B1090-2,B1090,SEG,APPROVED,2024-01-10T04:19:38Z,Vendor C,PVC,490.2,B1090:Sorting
TXN-B1090-3,B1090,WSH,APPROVED,2024-01-10T21:38:35Z,Vendor C,PVC,463.99,B1090:Processing
TXN-B1090-4,B1090,REC,APPROVED,2024-01-12T09:02:28Z,Vendor C,PVC,244.25,B1090:Recycling
TXN-B1090-5,B1090,DSP,APPROVED,2024-01-14T00:53:26Z,Vendor C,PVC,131.67,B1090:Dispatch
TXN-B1091-1,B1091,PR,APPROVED,2024-01-08T12:28:52Z,Vendor C,PS,727.0,B1091:Collection
TXN-B1091-2,B1091,SEG,APPROVED,2024-01-09T01:54:36Z,Vendor C,PS,368.32,B1091:Sorting
TXN-B1091-3,B1091,WSH,APPROVED,2024-01-10T02:05:11Z,Vendor C,PS,260.22,B1091:Processing
TXN-B1091-4,B1091,REC,APPROVED,2024-01-11T20:09:34Z,Vendor C,PS,166.78,B1091:Recycling
TXN-B1091-5,B1091,DSP,APPROVED,2024-01-12T12:32:10Z,Vendor C,PS,108.96,B1091:Dispatch
TXN-B1092-1,B1092,PR,APPROVED,2024-01-29T05:48:45Z,Vendor C,PVC,496.26,B1092:Collection
TXN-B1092-2,B1092,SEG,APPROVED,2024-01-30T19:18:45Z,Vendor C,PVC,459.51,B1092:Sorting
TXN-B1092-3,B1092,WSH,APPROVED,2024-02-01T03:03:14Z,Vendor C,PVC,278.65,B1092:Processing
TXN-B1092-4,B1092,REC,APPROVED,2024-02-02T21:08:46Z,Vendor C,PVC,184.88,B1092:Recycling
TXN-B1092-5,B1092,DSP,APPROVED,2024-02-03T23:09:14Z,Vendor C,PVC,160.83,B1092:Dispatch
TXN-B1093-1,B1093,PR,APPROVED,2024-01-16T01:02:23Z,Vendor C,PVC,1239.68,B1093:Collection
TXN-B1093-2,B1093,SEG,APPROVED,2024-01-17T09:43:00Z,Vendor C,PVC,1043.86,B1093:Sorting
TXN-B1093-3,B1093,WSH,APPROVED,2024-01-18T02:00:48Z,Vendor C,PVC,717.41,B1093:Processing
TXN-B1093-4,B1093,REC,APPROVED,2024-01-19T09:57:39Z,Vendor C,PVC,650.92,B1093:Recycling
TXN-B1093-5,B1093,DSP,APPROVED,2024-01-20T17:39:46Z,Vendor C,PVC,482.3,B1093:Dispatch
TXN-B1094-1,B1094,PR,APPROVED,2024-01-23T18:06:49Z,Vendor C,HDPE,1465.95,B1094:Collection
TXN-B1094-2,B1094,SEG,APPROVED,2024-01-24T08:36:56Z,Vendor C,HDPE,821.45,B1094:Sorting
TXN-B1094-3,B1094,WSH,APPROVED,2024-01-25T14:11:32Z,Vendor C,HDPE,432.5,B1094:Processing
TXN-B1094-4,B1094,REC,APPROVED,2024-01-27T14:00:32Z,Vendor C,HDPE,409.69,B1094:Recycling
TXN-B1094-5,B1094,DSP,APPROVED,2024-01-28T03:10:59Z,Vendor C,HDPE,305.17,B1094:Dispatch
TXN-B1095-1,B1095,PR,APPROVED,2024-01-04T07:15:36Z,Vendor C,PVC,970.8,B1095:Collection
TXN-B1095-2,B1095,SEG,APPROVED,2024-01-05T02:47:23Z,Vendor C,PVC,732.68,B1095:Sorting
TXN-B1095-3,B1095,WSH,APPROVED,2024-01-06T09:52:28Z,Vendor C,PVC,657.68,B1095:Processing
TXN-B1095-4,B1095,REC,APPROVED,2024-01-07T22:20:33Z,Vendor C,PVC,428.84,B1095:Recycling
TXN-B1095-5,B1095,DSP,APPROVED,2024-01-08T16:56:50Z,Vendor C,PVC,242.91,B1095:Dispatch
TXN-B1096-1,B1096,PR,APPROVED,2024-01-16T12:01:09Z,Vendor C,PVC,890.27,B1096:Collection
TXN-B1096-2,B1096,SEG,APPROVED,2024-01-18T06:09:32Z,Vendor C,PVC,762.3,B1096:Sorting
TXN-B1096-3,B1096,WSH,APPROVED,2024-01-19T17:40:58Z,Vendor C,PVC,409.25,B1096:Processing
TXN-B1096-4,B1096,REC,APPROVED,2024-01-20T16:50:10Z,Vendor C,PVC,274.48,B1096:Recycling
TXN-B1096-5,B1096,DSP,APPROVED,2024-01-21T07:19:05Z,Vendor C,PVC,235.19,B1096:Dispatch
TXN-B1097-1,B1097,PR,APPROVED,2024-01-23T16:48:59Z,Vendor C,HDPE,671.25,B1097:Collection
TXN-B1097-2,B1097,SEG,APPROVED,2024-01-25T05:20:02Z,Vendor C,HDPE,460.28,B1097:Sorting
TXN-B1097-3,B1097,WSH,APPROVED,2024-01-26T01:36:56Z,Vendor C,HDPE,264.4,B1097:Processing
TXN-B1097-4,B1097,REC,APPROVED,2024-01-27T16:26:33Z,Vendor C,HDPE,185.64,B1097:Recycling
TXN-B1097-5,B1097,DSP,APPROVED,2024-01-28T05:47:31Z,Vendor C,HDPE,136.61,B1097:Dispatch
TXN-B1098-1,B1098,PR,APPROVED,2024-01-07T07:11:16Z,Vendor C,HDPE,453.92,B1098:Collection
TXN-B1098-2,B1098,SEG,APPROVED,2024-01-08T06:58:23Z,Vendor C,HDPE,274.61,B1098:Sorting
TXN-B1098-3,B1098,WSH,APPROVED,2024-01-08T22:47:17Z,Vendor C,HDPE,150.7,B1098:Processing
TXN-B1098-4,B1098,REC,APPROVED,2024-01-10T21:56:43Z,Vendor C,HDPE,105.96,B1098:Recycling
TXN-B1098-5,B1098,DSP,APPROVED,2024-01-11T10:12:14Z,Vendor C,HDPE,84.83,B1098:Dispatch
TXN-B1099-1,B1099,PR,APPROVED,2024-01-28T11:26:47Z,Vendor C,PET,880.79,B1099:Collection
TXN-B1099-2,B1099,SEG,APPROVED,2024-01-30T05:49:09Z,Vendor C,PET,553.94,B1099:Sorting
TXN-B1099-3,B1099,WSH,APPROVED,2024-01-31T01:55:14Z,Vendor C,PET,386.24,B1099:Processing
TXN-B1099-4,B1099,REC,APPROVED,2024-01-31T22:53:36Z,Vendor C,PET,303.0,B1099:Recycling
TXN-B1099-5,B1099,DSP,APPROVED,2024-02-02T14:32:42Z,Vendor C,PET,250.71,B1099:Dispatch
TXN-B1100-1,B1100,PR,APPROVED,2024-01-16T14:57:24Z,Vendor C,PET,1486.29,B1100:Collection
TXN-B1100-2,B1100,SEG,APPROVED,2024-01-18T11:35:55Z,Vendor C,PET,1266.23,B1100:Sorting
TXN-B1100-3,B1100,WSH,APPROVED,2024-01-19T05:52:06Z,Vendor C,PET,1197.62,B1100:Processing
TXN-B1100-4,B1100,REC,APPROVED,2024-01-20T11:12:15Z,Vendor C,PET,682.0,B1100:Recycling
TXN-B1100-5,B1100,DSP,APPROVED,2024-01-21T13:10:45Z,Vendor C,PET,593.14,B1100:Dispatch
TXN-B1101-1,B1101,PR,APPROVED,2024-01-24T00:43:53Z,Vendor C,PS,322.08,B1101:Collection
TXN-B1101-2,B1101,SEG,APPROVED,2024-01-25T00:40:49Z,Vendor C,PS,118.72,B1101:Sorting
TXN-B1101-3,B1101,WSH,APPROVED,2024-01-27T13:21:31Z,Vendor C,PS,116.56,B1101:Processing
TXN-B1101-4,B1101,REC,ANOMALY,2024-01-28T18:31:57Z,Vendor C,PS,85.07,B1101:Recycling
TXN-B1101-5,B1101,DSP,APPROVED,2024-01-31T23:51:26Z,Vendor C,PS,44.17,B1101:Dispatch
TXN-B1102-1,B1102,PR,APPROVED,2024-01-03T19:34:29Z,Vendor C,PP,444.9,B1102:Collection
TXN-B1102-2,B1102,SEG,APPROVED,2024-01-07T09:31:08Z,Vendor C,PP,173.73,B1102:Sorting
TXN-B1102-3,B1102,WSH,APPROVED,2024-01-09T00:54:42Z,Vendor C,PP,142.19,B1102:Processing
TXN-B1102-4,B1102,REC,APPROVED,2024-01-11T14:58:28Z,Vendor C,PP,130.29,B1102:Recycling
TXN-B1102-5,B1102,DSP,APPROVED,2024-01-13T12:54:57Z,Vendor C,PP,134.6,B1102:Dispatch
TXN-B1103-1,B1103,PR,APPROVED,2024-01-24T03:43:25Z,Vendor C,PVC,1092.33,B1103:Collection
TXN-B1103-2,B1103,SEG,APPROVED,2024-01-27T10:44:27Z,Vendor C,PVC,668.49,B1103:Sorting
TXN-B1103-3,B1103,WSH,APPROVED,2024-01-30T22:12:01Z,Vendor C,PVC,370.3,B1103:Processing
TXN-B1103-4,B1103,REC,APPROVED,2024-02-03T03:13:59Z,Vendor C,PVC,175.73,B1103:Recycling
TXN-B1103-5,B1103,DSP,APPROVED,2024-02-06T15:28:08Z,Vendor C,PVC,84.09,B1103:Dispatch
TXN-B1104-1,B1104,PR,APPROVED,2024-01-22T14:40:57Z,Vendor C,LDPE,1947.61,B1104:Collection
TXN-B1104-2,B1104,SEG,APPROVED,2024-01-25T07:53:48Z,Vendor C,LDPE,1242.41,B1104:Sorting
TXN-B1104-3,B1104,WSH,APPROVED,2024-01-29T07:32:55Z,Vendor C,LDPE,745.05,B1104:Processing
TXN-B1104-4,B1104,REC,APPROVED,2024-01-31T05:01:45Z,Vendor C,LDPE,773.56,B1104:Recycling
TXN-B1104-5,B1104,DSP,ANOMALY,2024-02-02T07:12:34Z,Vendor C,LDPE,421.04,B1104:Dispatch
TXN-B1105-1,B1105,PR,APPROVED,2024-01-11T23:12:05Z,Vendor C,LDPE,1873.15,B1105:Collection
TXN-B1105-2,B1105,SEG,APPROVED,2024-01-12T15:07:06Z,Vendor C,LDPE,1317.1,B1105:Sorting
TXN-B1105-3,B1105,WSH,APPROVED,2024-01-13T10:36:58Z,Vendor C,LDPE,409.75,B1105:Processing
TXN-B1105-4,B1105,REC,APPROVED,2024-01-14T15:49:17Z,Vendor C,LDPE,217.24,B1105:Recycling
TXN-B1105-5,B1105,DSP,APPROVED,2024-01-18T07:59:01Z,Vendor C,LDPE,97.76,B1105:Dispatch
TXN-B1106-1,B1106,PR,APPROVED,2024-01-07T22:05:40Z,Vendor C,HDPE,654.45,B1106:Collection
TXN-B1106-2,B1106,SEG,APPROVED,2024-01-08T12:39:49Z,Vendor C,HDPE,677.4,B1106:Sorting
TXN-B1106-3,B1106,WSH,APPROVED,2024-01-10T05:01:27Z,Vendor C,HDPE,577.54,B1106:Processing
TXN-B1106-4,B1106,REC,APPROVED,2024-01-14T05:24:47Z,Vendor C,HDPE,202.07,B1106:Recycling
TXN-B1106-5,B1106,DSP,APPROVED,2024-01-16T14:56:41Z,Vendor C,HDPE,159.19,B1106:Dispatch
TXN-B1107-1,B1107,PR,APPROVED,2024-01-08T13:38:38Z,Vendor C,LDPE,417.05,B1107:Collection
TXN-B1107-2,B1107,SEG,APPROVED,2024-01-11T15:33:20Z,Vendor C,LDPE,423.25,B1107:Sorting
TXN-B1107-3,B1107,WSH,APPROVED,2024-01-13T06:50:25Z,Vendor C,LDPE,172.19,B1107:Processing
TXN-B1107-4,B1107,REC,APPROVED,2024-01-13T19:21:16Z,Vendor C,LDPE,168.68,B1107:Recycling
TXN-B1107-5,B1107,DSP,ANOMALY,2024-01-15T13:33:37Z,Vendor C,LDPE,155.71,B1107:Dispatch
TXN-B1108-1,B1108,PR,APPROVED,2024-01-28T04:34:06Z,Vendor C,PVC,301.85,B1108:Collection
TXN-B1108-2,B1108,SEG,ANOMALY,2024-01-31T13:23:27Z,Vendor C,PVC,193.61,B1108:Sorting
TXN-B1108-3,B1108,WSH,APPROVED,2024-02-01T18:18:57Z,Vendor C,PVC,80.51,B1108:Processing
TXN-B1108-4,B1108,REC,APPROVED,2024-02-04T15:41:11Z,Vendor C,PVC,37.87,B1108:Recycling
TXN-B1108-5,B1108,DSP,APPROVED,2024-02-07T02:56:36Z,Vendor C,PVC,34.4,B1108:Dispatch
TXN-B1109-1,B1109,PR,APPROVED,2024-01-25T05:05:04Z,Vendor C,PET,991.12,B1109:Collection
TXN-B1109-2,B1109,SEG,APPROVED,2024-01-28T04:24:11Z,Vendor C,PET,467.15,B1109:Sorting
TXN-B1109-3,B1109,WSH,APPROVED,2024-01-29T13:43:30Z,Vendor C,PET,199.11,B1109:Processing
TXN-B1109-4,B1109,REC,APPROVED,2024-02-01T15:21:03Z,Vendor C,PET,68.31,B1109:Recycling
TXN-B1109-5,B1109,DSP,APPROVED,2024-02-02T15:44:56Z,Vendor C,PET,24.55,B1109:Dispatch
TXN-B1110-1,B1110,PR,APPROVED,2024-01-28T13:15:39Z,Vendor C,PS,861.43,B1110:Collection
TXN-B1110-2,B1110,SEG,APPROVED,2024-01-29T10:47:13Z,Vendor C,PS,512.51,B1110:Sorting
TXN-B1110-3,B1110,WSH,APPROVED,2024-02-01T22:10:48Z,Vendor C,PS,284.66,B1110:Processing
TXN-B1110-4,B1110,REC,APPROVED,2024-02-03T14:31:43Z,Vendor C,PS,275.8,B1110:Recycling
TXN-B1110-5,B1110,DSP,APPROVED,2024-02-07T00:12:34Z,Vendor C,PS,118.76,B1110:Dispatch
TXN-B1111-1,B1111,PR,APPROVED,2024-01-15T07:37:27Z,Vendor C,PP,1283.57,B1111:Collection
TXN-B1111-2,B1111,SEG,APPROVED,2024-01-15T23:54:17Z,Vendor C,PP,963.5,B1111:Sorting
TXN-B1111-3,B1111,WSH,APPROVED,2024-01-18T23:47:05Z,Vendor C,PP,883.08,B1111:Processing
TXN-B1111-4,B1111,REC,APPROVED,2024-01-21T01:53:44Z,Vendor C,PP,358.03,B1111:Recycling
TXN-B1111-5,B1111,DSP,APPROVED,2024-01-23T21:12:41Z,Vendor C,PP,342.59,B1111:Dispatch
TXN-B1112-1,B1112,PR,ANOMALY,2024-01-02T00:09:10Z,Vendor C,PS,1266.23,B1112:Collection
TXN-B1112-2,B1112,SEG,ANOMALY,2024-01-04T21:46:07Z,Vendor C,PS,1262.76,B1112:Sorting
TXN-B1112-3,B1112,WSH,ANOMALY,2024-01-08T14:37:25Z,Vendor C,PS,449.27,B1112:Processing
TXN-B1112-4,B1112,REC,APPROVED,2024-01-09T14:05:39Z,Vendor C,PS,248.49,B1112:Recycling
TXN-B1112-5,B1112,DSP,APPROVED,2024-01-11T18:19:23Z,Vendor C,PS,126.23,B1112:Dispatch
TXN-B1113-1,B1113,PR,APPROVED,2024-01-22T00:43:44Z,Vendor C,PP,847.23,B1113:Collection
TXN-B1113-2,B1113,SEG,APPROVED,2024-01-25T17:42:37Z,Vendor C,PP,614.25,B1113:Sorting
TXN-B1113-3,B1113,WSH,APPROVED,2024-01-26T20:02:10Z,Vendor C,PP,369.84,B1113:Processing
TXN-B1113-4,B1113,REC,APPROVED,2024-01-29T09:15:35Z,Vendor C,PP,202.53,B1113:Recycling
TXN-B1113-5,B1113,DSP,APPROVED,2024-01-31T14:39:15Z,Vendor C,PP,140.99,B1113:Dispatch
TXN-B1114-1,B1114,PR,APPROVED,2024-01-13T09:41:16Z,Vendor C,LDPE,520.79,B1114:Collection
TXN-B1114-2,B1114,SEG,APPROVED,2024-01-14T01:53:07Z,Vendor C,LDPE,259.82,B1114:Sorting
TXN-B1114-3,B1114,WSH,APPROVED,2024-01-16T08:14:11Z,Vendor C,LDPE,192.02,B1114:Processing
TXN-B1114-4,B1114,REC,APPROVED,2024-01-19T00:07:40Z,Vendor C,LDPE,150.55,B1114:Recycling
TXN-B1114-5,B1114,DSP,APPROVED,2024-01-20T06:29:22Z,Vendor C,LDPE,89.96,B1114:Dispatch
TXN-B1115-1,B1115,PR,APPROVED,2024-01-19T05:05:09Z,Vendor C,PP,2053.27,B1115:Collection
TXN-B1115-2,B1115,SEG,APPROVED,2024-01-20T12:47:05Z,Vendor C,PP,1683.22,B1115:Sorting
TXN-B1115-3,B1115,WSH,APPROVED,2024-01-23T00:15:48Z,Vendor C,PP,1362.81,B1115:Processing
TXN-B1115-4,B1115,REC,ANOMALY,2024-01-24T02:46:07Z,Vendor C,PP,1016.33,B1115:Recycling
TXN-B1115-5,B1115,DSP,APPROVED,2024-01-26T21:09:05Z,Vendor C,PP,784.41,B1115:Dispatch
TXN-B1116-1,B1116,PR,APPROVED,2024-01-23T11:03:36Z,Vendor C,LDPE,691.66,B1116:Collection
TXN-B1116-2,B1116,SEG,APPROVED,2024-01-25T13:20:42Z,Vendor C,LDPE,669.82,B1116:Sorting
TXN-B1116-3,B1116,WSH,APPROVED,2024-01-26T08:52:42Z,Vendor C,LDPE,220.53,B1116:Processing
TXN-B1116-4,B1116,REC,APPROVED,2024-01-29T02:36:29Z,Vendor C,LDPE,99.43,B1116:Recycling
TXN-B1116-5,B1116,DSP,APPROVED,2024-02-01T16:56:43Z,Vendor C,LDPE,83.44,B1116:Dispatch
TXN-B1117-1,B1117,PR,APPROVED,2024-01-13T06:27:51Z,Vendor C,PS,1046.42,B1117:Collection
TXN-B1117-2,B1117,SEG,APPROVED,2024-01-13T11:10:08Z,Vendor C,PS,1111.69,B1117:Sorting
TXN-B1117-3,B1117,WSH,ANOMALY,2024-01-16T10:23:34Z,Vendor C,PS,428.03,B1117:Processing
TXN-B1117-4,B1117,REC,APPROVED,2024-01-19T00:29:18Z,Vendor C,PS,449.16,B1117:Recycling
TXN-B1117-5,B1117,DSP,ANOMALY,2024-01-21T18:24:18Z,Vendor C,PS,141.7,B1117:Dispatch
TXN-B1118-1,B1118,PR,ANOMALY,2024-01-24T20:07:28Z,Vendor C,HDPE,264.43,B1118:Collection
TXN-B1118-2,B1118,SEG,APPROVED,2024-01-25T14:35:01Z,Vendor C,HDPE,207.27,B1118:Sorting
TXN-B1118-3,B1118,WSH,APPROVED,2024-01-26T03:46:04Z,Vendor C,HDPE,106.82,B1118:Processing
TXN-B1118-4,B1118,REC,APPROVED,2024-01-28T16:54:25Z,Vendor C,HDPE,95.38,B1118:Recycling
TXN-B1118-5,B1118,DSP,APPROVED,2024-01-31T00:56:38Z,Vendor C,HDPE,82.33,B1118:Dispatch
TXN-B1119-1,B1119,PR,ANOMALY,2024-01-20T21:00:25Z,Vendor C,PS,779.17,B1119:Collection
TXN-B1119-2,B1119,SEG,ANOMALY,2024-01-21T21:06:25Z,Vendor C,PS,440.15,B1119:Sorting
TXN-B1119-3,B1119,WSH,APPROVED,2024-01-22T20:06:24Z,Vendor C,PS,460.72,B1119:Processing
TXN-B1119-4,B1119,REC,APPROVED,2024-01-26T06:30:46Z,Vendor C,PS,500.31,B1119:Recycling
TXN-B1119-5,B1119,DSP,APPROVED,2024-01-28T10:11:34Z,Vendor C,PS,398.68,B1119:Dispatch
TXN-B1120-1,B1120,PR,ANOMALY,2024-01-08T18:12:56Z,Vendor C,PP,891.7,B1120:Collection
TXN-B1120-2,B1120,SEG,APPROVED,2024-01-12T09:10:18Z,Vendor C,PP,383.11,B1120:Sorting
TXN-B1120-3,B1120,WSH,APPROVED,2024-01-14T02:24:03Z,Vendor C,PP,139.94,B1120:Processing
TXN-B1120-4,B1120,REC,APPROVED,2024-01-18T00:11:05Z,Vendor C,PP,74.65,B1120:Recycling
TXN-B1120-5,B1120,DSP,APPROVED,2024-01-20T05:07:27Z,Vendor C,PP,23.7,B1120:Dispatch
