transaction_id,batch_id,scenario,process_code,status,transaction_date,warehouse_code,vendor,material_type,remarks
TXN-B1001-1,B1001,High Efficiency,PR,APPROVED,2025-02-21T03:08:09Z,WH-COLLECT,Vendor A - 3,HDPE,B1001:Collection
TXN-B1001-2,B1001,High Efficiency,SEG,APPROVED,2025-02-21T04:30:55Z,WH-COLLECT,Vendor A - 3,HDPE,B1001:Sorting
TXN-B1001-3,B1001,High Efficiency,MB,APPROVED,2025-02-21T06:44:46Z,WH-WASH,Vendor A - 3,HDPE,B1001:Processing
TXN-B1001-4,B1001,High Efficiency,MB,APPROVED,2025-02-21T11:07:26Z,WH-RECY,Vendor A - 3,HDPE,B1001:Recycling
TXN-B1001-5,B1001,High Efficiency,SD,APPROVED,2025-02-21T18:18:42Z,WH-FACT,Vendor A - 3,HDPE,B1001:Dispatch
TXN-B1002-1,B1002,High Efficiency,PR,APPROVED,2025-01-11T21:26:41Z,WH-COLLECT,Vendor A - 2,LDPE,B1002:Collection
TXN-B1002-2,B1002,High Efficiency,SEG,APPROVED,2025-01-12T00:20:29Z,WH-COLLECT,Vendor A - 2,LDPE,B1002:Sorting
TXN-B1002-3,B1002,High Efficiency,MB,APPROVED,2025-01-12T03:23:01Z,WH-WASH,Vendor A - 2,LDPE,B1002:Processing
TXN-B1002-4,B1002,High Efficiency,MB,APPROVED,2025-01-12T05:41:43Z,WH-RECY,Vendor A - 2,LDPE,B1002:Recycling
TXN-B1002-5,B1002,High Efficiency,SD,APPROVED,2025-01-12T08:05:30Z,WH-FACT,Vendor A - 2,LDPE,B1002:Dispatch
TXN-B1003-1,B1003,High Efficiency,PR,APPROVED,2025-02-09T04:54:19Z,WH-COLLECT,Vendor A - 4,PP,B1003:Collection
TXN-B1003-2,B1003,High Efficiency,SEG,APPROVED,2025-02-09T11:24:43Z,WH-COLLECT,Vendor A - 4,PP,B1003:Sorting
TXN-B1003-3,B1003,High Efficiency,MB,APPROVED,2025-02-09T14:12:09Z,WH-WASH,Vendor A - 4,PP,B1003:Processing
TXN-B1003-4,B1003,High Efficiency,MB,APPROVED,2025-02-09T17:42:45Z,WH-RECY,Vendor A - 4,PP,B1003:Recycling
TXN-B1003-5,B1003,High Efficiency,SD,APPROVED,2025-02-10T00:32:55Z,WH-FACT,Vendor A - 4,PP,B1003:Dispatch
TXN-B1004-1,B1004,High Efficiency,PR,APPROVED,2025-02-22T15:56:59Z,WH-COLLECT,Vendor A - 3,PVC,B1004:Collection
TXN-B1004-2,B1004,High Efficiency,SEG,APPROVED,2025-02-22T18:58:30Z,WH-COLLECT,Vendor A - 3,PVC,B1004:Sorting
TXN-B1004-3,B1004,High Efficiency,MB,APPROVED,2025-02-22T22:36:36Z,WH-WASH,Vendor A - 3,PVC,B1004:Processing
TXN-B1004-4,B1004,High Efficiency,MB,APPROVED,2025-02-23T01:22:37Z,WH-RECY,Vendor A - 3,PVC,B1004:Recycling
TXN-B1004-5,B1004,High Efficiency,SD,APPROVED,2025-02-23T06:14:55Z,WH-FACT,Vendor A - 3,PVC,B1004:Dispatch
TXN-B1005-1,B1005,High Efficiency,PR,APPROVED,2025-02-18T13:42:50Z,WH-COLLECT,Vendor A - 2,PET,B1005:Collection
TXN-B1005-2,B1005,High Efficiency,SEG,APPROVED,2025-02-18T17:05:42Z,WH-COLLECT,Vendor A - 2,PET,B1005:Sorting
TXN-B1005-3,B1005,High Efficiency,MB,APPROVED,2025-02-18T19:49:17Z,WH-WASH,Vendor A - 2,PET,B1005:Processing
TXN-B1005-4,B1005,High Efficiency,MB,APPROVED,2025-02-18T22:17:56Z,WH-RECY,Vendor A - 2,PET,B1005:Recycling
TXN-B1005-5,B1005,High Efficiency,SD,APPROVED,2025-02-19T02:26:43Z,WH-FACT,Vendor A - 2,PET,B1005:Dispatch
TXN-B1006-1,B1006,High Efficiency,PR,APPROVED,2025-01-27T11:44:31Z,WH-COLLECT,Vendor A - 4,PET,B1006:Collection
TXN-B1006-2,B1006,High Efficiency,SEG,APPROVED,2025-01-27T15:14:12Z,WH-COLLECT,Vendor A - 4,PET,B1006:Sorting
TXN-B1006-3,B1006,High Efficiency,MB,APPROVED,2025-01-27T16:16:31Z,WH-WASH,Vendor A - 4,PET,B1006:Processing
TXN-B1006-4,B1006,High Efficiency,MB,APPROVED,2025-01-27T22:14:50Z,WH-RECY,Vendor A - 4,PET,B1006:Recycling
TXN-B1006-5,B1006,High Efficiency,SD,APPROVED,2025-01-28T01:56:06Z,WH-FACT,Vendor A - 4,PET,B1006:Dispatch
TXN-B1007-1,B1007,High Efficiency,PR,APPROVED,2025-02-22T20:45:52Z,WH-COLLECT,Vendor A - 5,LDPE,B1007:Collection
TXN-B1007-2,B1007,High Efficiency,SEG,APPROVED,2025-02-23T01:43:05Z,WH-COLLECT,Vendor A - 5,LDPE,B1007:Sorting
TXN-B1007-3,B1007,High Efficiency,MB,APPROVED,2025-02-23T08:42:49Z,WH-WASH,Vendor A - 5,LDPE,B1007:Processing
TXN-B1007-4,B1007,High Efficiency,MB,APPROVED,2025-02-23T15:22:24Z,WH-RECY,Vendor A - 5,LDPE,B1007:Recycling
TXN-B1007-5,B1007,High Efficiency,SD,APPROVED,2025-02-23T16:45:27Z,WH-FACT,Vendor A - 5,LDPE,B1007:Dispatch
TXN-B1008-1,B1008,High Efficiency,PR,APPROVED,2025-01-08T17:30:36Z,WH-COLLECT,Vendor A - 2,PVC,B1008:Collection
TXN-B1008-2,B1008,High Efficiency,SEG,APPROVED,2025-01-08T22:22:34Z,WH-COLLECT,Vendor A - 2,PVC,B1008:Sorting
TXN-B1008-3,B1008,High Efficiency,MB,APPROVED,2025-01-09T05:58:42Z,WH-WASH,Vendor A - 2,PVC,B1008:Processing
TXN-B1008-4,B1008,High Efficiency,MB,APPROVED,2025-01-09T11:03:07Z,WH-RECY,Vendor A - 2,PVC,B1008:Recycling
TXN-B1009-1,B1009,High Efficiency,PR,APPROVED,2025-02-23T02:37:05Z,WH-COLLECT,Vendor A - 4,PP,B1009:Collection
TXN-B1009-2,B1009,High Efficiency,SEG,APPROVED,2025-02-23T10:06:46Z,WH-COLLECT,Vendor A - 4,PP,B1009:Sorting
TXN-B1009-3,B1009,High Efficiency,MB,APPROVED,2025-02-23T16:50:29Z,WH-WASH,Vendor A - 4,PP,B1009:Processing
TXN-B1009-4,B1009,High Efficiency,MB,APPROVED,2025-02-24T00:10:30Z,WH-RECY,Vendor A - 4,PP,B1009:Recycling
TXN-B1009-5,B1009,High Efficiency,SD,APPROVED,2025-02-24T07:14:11Z,WH-FACT,Vendor A - 4,PP,B1009:Dispatch
TXN-B1010-1,B1010,High Efficiency,PR,APPROVED,2025-02-02T15:09:50Z,WH-COLLECT,Vendor A - 4,PET,B1010:Collection
TXN-B1010-2,B1010,High Efficiency,SEG,APPROVED,2025-02-02T20:22:39Z,WH-COLLECT,Vendor A - 4,PET,B1010:Sorting
TXN-B1010-3,B1010,High Efficiency,MB,APPROVED,2025-02-02T22:55:57Z,WH-WASH,Vendor A - 4,PET,B1010:Processing
TXN-B1010-4,B1010,High Efficiency,MB,APPROVED,2025-02-03T03:33:41Z,WH-RECY,Vendor A - 4,PET,B1010:Recycling
TXN-B1010-5,B1010,High Efficiency,SD,APPROVED,2025-02-03T09:48:19Z,WH-FACT,Vendor A - 4,PET,B1010:Dispatch
TXN-B1011-1,B1011,High Efficiency,PR,APPROVED,2025-01-20T06:32:12Z,WH-COLLECT,Vendor A - 5,PP,B1011:Collection
TXN-B1011-2,B1011,High Efficiency,SEG,APPROVED,2025-01-20T13:32:51Z,WH-COLLECT,Vendor A - 5,PP,B1011:Sorting
TXN-B1011-3,B1011,High Efficiency,MB,APPROVED,2025-01-20T18:30:50Z,WH-WASH,Vendor A - 5,PP,B1011:Processing
TXN-B1011-4,B1011,High Efficiency,MB,APPROVED,2025-01-21T01:22:49Z,WH-RECY,Vendor A - 5,PP,B1011:Recycling
TXN-B1011-5,B1011,High Efficiency,SD,APPROVED,2025-01-21T02:44:20Z,WH-FACT,Vendor A - 5,PP,B1011:Dispatch
TXN-B1012-1,B1012,High Efficiency,PR,APPROVED,2025-02-11T12:15:29Z,WH-COLLECT,Vendor A - 2,HDPE,B1012:Collection
TXN-B1012-2,B1012,High Efficiency,SEG,APPROVED,2025-02-11T18:31:45Z,WH-COLLECT,Vendor A - 2,HDPE,B1012:Sorting
TXN-B1012-3,B1012,High Efficiency,MB,APPROVED,2025-02-11T23:24:11Z,WH-WASH,Vendor A - 2,HDPE,B1012:Processing
TXN-B1012-4,B1012,High Efficiency,MB,APPROVED,2025-02-12T07:10:35Z,WH-RECY,Vendor A - 2,HDPE,B1012:Recycling
TXN-B1012-5,B1012,High Efficiency,SD,APPROVED,2025-02-12T08:42:06Z,WH-FACT,Vendor A - 2,HDPE,B1012:Dispatch
TXN-B1013-1,B1013,High Efficiency,PR,APPROVED,2025-02-01T08:15:51Z,WH-COLLECT,Vendor A - 4,PET,B1013:Collection
TXN-B1013-2,B1013,High Efficiency,SEG,APPROVED,2025-02-01T14:00:12Z,WH-COLLECT,Vendor A - 4,PET,B1013:Sorting
TXN-B1013-3,B1013,High Efficiency,MB,APPROVED,2025-02-01T20:06:01Z,WH-WASH,Vendor A - 4,PET,B1013:Processing
TXN-B1013-4,B1013,High Efficiency,MB,APPROVED,2025-02-01T22:49:02Z,WH-RECY,Vendor A - 4,PET,B1013:Recycling
TXN-B1013-5,B1013,High Efficiency,SD,APPROVED,2025-02-02T06:28:21Z,WH-FACT,Vendor A - 4,PET,B1013:Dispatch
TXN-B1014-1,B1014,High Efficiency,PR,APPROVED,2025-03-01T17:12:04Z,WH-COLLECT,Vendor A - 2,HDPE,B1014:Collection
TXN-B1014-2,B1014,High Efficiency,SEG,APPROVED,2025-03-01T20:58:17Z,WH-COLLECT,Vendor A - 2,HDPE,B1014:Sorting
TXN-B1014-3,B1014,High Efficiency,MB,APPROVED,2025-03-02T03:53:38Z,WH-WASH,Vendor A - 2,HDPE,B1014:Processing
TXN-B1014-4,B1014,High Efficiency,MB,APPROVED,2025-03-02T10:34:20Z,WH-RECY,Vendor A - 2,HDPE,B1014:Recycling
TXN-B1014-5,B1014,High Efficiency,SD,APPROVED,2025-03-02T17:44:22Z,WH-FACT,Vendor A - 2,HDPE,B1014:Dispatch
TXN-B1015-1,B1015,High Efficiency,PR,APPROVED,2025-01-25T21:04:47Z,WH-COLLECT,Vendor A - 5,LDPE,B1015:Collection
TXN-B1015-2,B1015,High Efficiency,SEG,APPROVED,2025-01-26T03:34:47Z,WH-COLLECT,Vendor A - 5,LDPE,B1015:Sorting
TXN-B1015-3,B1015,High Efficiency,MB,APPROVED,2025-01-26T05:47:18Z,WH-WASH,Vendor A - 5,LDPE,B1015:Processing
TXN-B1015-4,B1015,High Efficiency,MB,APPROVED,2025-01-26T12:25:00Z,WH-RECY,Vendor A - 5,LDPE,B1015:Recycling
TXN-B1015-5,B1015,High Efficiency,SD,APPROVED,2025-01-26T17:49:47Z,WH-FACT,Vendor A - 5,LDPE,B1015:Dispatch
TXN-B1016-1,B1016,High Efficiency,PR,APPROVED,2025-02-22T18:19:26Z,WH-COLLECT,Vendor A - 1,PVC,B1016:Collection
TXN-B1016-2,B1016,High Efficiency,SEG,APPROVED,2025-02-23T01:48:04Z,WH-COLLECT,Vendor A - 1,PVC,B1016:Sorting
TXN-B1016-3,B1016,High Efficiency,MB,APPROVED,2025-02-23T06:21:17Z,WH-WASH,Vendor A - 1,PVC,B1016:Processing
TXN-B1016-4,B1016,High Efficiency,MB,APPROVED,2025-02-23T08:23:50Z,WH-RECY,Vendor A - 1,PVC,B1016:Recycling
TXN-B1016-5,B1016,High Efficiency,SD,APPROVED,2025-02-23T12:25:30Z,WH-FACT,Vendor A - 1,PVC,B1016:Dispatch
TXN-B1017-1,B1017,High Efficiency,PR,APPROVED,2025-02-19T01:53:41Z,WH-COLLECT,Vendor A - 3,PVC,B1017:Collection
TXN-B1017-2,B1017,High Efficiency,SEG,APPROVED,2025-02-19T05:55:31Z,WH-COLLECT,Vendor A - 3,PVC,B1017:Sorting
TXN-B1017-3,B1017,High Efficiency,MB,APPROVED,2025-02-19T11:39:55Z,WH-WASH,Vendor A - 3,PVC,B1017:Processing
TXN-B1017-4,B1017,High Efficiency,MB,APPROVED,2025-02-19T14:38:07Z,WH-RECY,Vendor A - 3,PVC,B1017:Recycling
TXN-B1017-5,B1017,High Efficiency,SD,APPROVED,2025-02-19T20:51:20Z,WH-FACT,Vendor A - 3,PVC,B1017:Dispatch
TXN-B1018-1,B1018,High Efficiency,PR,APPROVED,2025-02-06T15:12:41Z,WH-COLLECT,Vendor A - 3,PET,B1018:Collection
TXN-B1019-1,B1019,High Efficiency,PR,APPROVED,2025-01-30T08:51:14Z,WH-COLLECT,Vendor A - 3,PET,B1019:Collection
TXN-B1019-2,B1019,High Efficiency,SEG,APPROVED,2025-01-30T11:15:30Z,WH-COLLECT,Vendor A - 3,PET,B1019:Sorting
TXN-B1019-3,B1019,High Efficiency,MB,APPROVED,2025-01-30T12:40:22Z,WH-WASH,Vendor A - 3,PET,B1019:Processing
TXN-B1019-4,B1019,High Efficiency,MB,APPROVED,2025-01-30T19:46:53Z,WH-RECY,Vendor A - 3,PET,B1019:Recycling
TXN-B1019-5,B1019,High Efficiency,SD,APPROVED,2025-01-31T01:59:12Z,WH-FACT,Vendor A - 3,PET,B1019:Dispatch
TXN-B1020-1,B1020,High Efficiency,PR,APPROVED,2025-01-03T23:09:09Z,WH-COLLECT,Vendor A - 3,PVC,B1020:Collection
TXN-B1020-2,B1020,High Efficiency,SEG,APPROVED,2025-01-04T02:00:59Z,WH-COLLECT,Vendor A - 3,PVC,B1020:Sorting
TXN-B1020-3,B1020,High Efficiency,MB,APPROVED,2025-01-04T08:50:41Z,WH-WASH,Vendor A - 3,PVC,B1020:Processing
TXN-B1020-4,B1020,High Efficiency,MB,APPROVED,2025-01-04T14:24:23Z,WH-RECY,Vendor A - 3,PVC,B1020:Recycling
TXN-B1020-5,B1020,High Efficiency,SD,APPROVED,2025-01-04T20:24:18Z,WH-FACT,Vendor A - 3,PVC,B1020:Dispatch
TXN-B1021-1,B1021,Moderate Efficiency,PR,APPROVED,2025-01-12T09:04:13Z,WH-COLLECT,Vendor B - 4,PET,B1021:Collection
TXN-B1021-2,B1021,Moderate Efficiency,SEG,APPROVED,2025-01-12T15:21:29Z,WH-COLLECT,Vendor B - 4,PET,B1021:Sorting
TXN-B1021-3,B1021,Moderate Efficiency,MB,APPROVED,2025-01-12T22:27:09Z,WH-WASH,Vendor B - 4,PET,B1021:Processing
TXN-B1021-4,B1021,Moderate Efficiency,MB,APPROVED,2025-01-13T05:25:26Z,WH-RECY,Vendor B - 4,PET,B1021:Recycling
TXN-B1021-5,B1021,Moderate Efficiency,SD,APPROVED,2025-01-13T11:09:42Z,WH-FACT,Vendor B - 4,PET,B1021:Dispatch
TXN-B1022-1,B1022,Moderate Efficiency,PR,APPROVED,2025-01-18T04:58:29Z,WH-COLLECT,Vendor B - 5,PVC,B1022:Collection
TXN-B1022-2,B1022,Moderate Efficiency,SEG,APPROVED,2025-01-18T19:51:44Z,WH-COLLECT,Vendor B - 5,PVC,B1022:Sorting
TXN-B1022-3,B1022,Moderate Efficiency,MB,APPROVED,2025-01-19T19:44:37Z,WH-WASH,Vendor B - 5,PVC,B1022:Processing
TXN-B1022-4,B1022,Moderate Efficiency,MB,APPROVED,2025-01-21T00:34:22Z,WH-RECY,Vendor B - 5,PVC,B1022:Recycling
TXN-B1022-5,B1022,Moderate Efficiency,SD,APPROVED,2025-01-21T17:52:29Z,WH-FACT,Vendor B - 5,PVC,B1022:Dispatch
TXN-B1023-1,B1023,Moderate Efficiency,PR,APPROVED,2025-01-11T04:15:47Z,WH-COLLECT,Vendor B - 5,PP,B1023:Collection
TXN-B1023-2,B1023,Moderate Efficiency,SEG,APPROVED,2025-01-11T23:55:56Z,WH-COLLECT,Vendor B - 5,PP,B1023:Sorting
TXN-B1023-3,B1023,Moderate Efficiency,MB,APPROVED,2025-01-12T18:45:43Z,WH-WASH,Vendor B - 5,PP,B1023:Processing
TXN-B1023-4,B1023,Moderate Efficiency,MB,APPROVED,2025-01-14T01:40:18Z,WH-RECY,Vendor B - 5,PP,B1023:Recycling
TXN-B1024-1,B1024,Moderate Efficiency,PR,APPROVED,2025-03-01T22:01:51Z,WH-COLLECT,Vendor B - 3,LDPE,B1024:Collection
TXN-B1024-2,B1024,Moderate Efficiency,SEG,APPROVED,2025-03-02T18:41:24Z,WH-COLLECT,Vendor B - 3,LDPE,B1024:Sorting
TXN-B1024-3,B1024,Moderate Efficiency,MB,APPROVED,2025-03-03T05:08:09Z,WH-WASH,Vendor B - 3,LDPE,B1024:Processing
TXN-B1024-4,B1024,Moderate Efficiency,MB,APPROVED,2025-03-04T03:05:54Z,WH-RECY,Vendor B - 3,LDPE,B1024:Recycling
TXN-B1024-5,B1024,Moderate Efficiency,SD,APPROVED,2025-03-04T14:39:39Z,WH-FACT,Vendor B - 3,LDPE,B1024:Dispatch
TXN-B1025-1,B1025,Moderate Efficiency,PR,APPROVED,2025-01-11T02:06:00Z,WH-COLLECT,Vendor B - 2,PS,B1025:Collection
TXN-B1025-2,B1025,Moderate Efficiency,SEG,APPROVED,2025-01-11T19:15:39Z,WH-COLLECT,Vendor B - 2,PS,B1025:Sorting
TXN-B1025-3,B1025,Moderate Efficiency,MB,APPROVED,2025-01-13T01:13:52Z,WH-WASH,Vendor B - 2,PS,B1025:Processing
TXN-B1025-4,B1025,Moderate Efficiency,MB,APPROVED,2025-01-13T22:37:50Z,WH-RECY,Vendor B - 2,PS,B1025:Recycling
TXN-B1025-5,B1025,Moderate Efficiency,SD,APPROVED,2025-01-14T12:23:25Z,WH-FACT,Vendor B - 2,PS,B1025:Dispatch
TXN-B1026-1,B1026,Moderate Efficiency,PR,APPROVED,2025-01-04T08:06:02Z,WH-COLLECT,Vendor B - 2,PP,B1026:Collection
TXN-B1026-2,B1026,Moderate Efficiency,SEG,APPROVED,2025-01-05T14:03:39Z,WH-COLLECT,Vendor B - 2,PP,B1026:Sorting
TXN-B1026-3,B1026,Moderate Efficiency,MB,APPROVED,2025-01-06T14:25:53Z,WH-WASH,Vendor B - 2,PP,B1026:Processing
TXN-B1026-4,B1026,Moderate Efficiency,MB,APPROVED,2025-01-07T05:15:55Z,WH-RECY,Vendor B - 2,PP,B1026:Recycling
TXN-B1026-5,B1026,Moderate Efficiency,SD,APPROVED,2025-01-08T06:36:24Z,WH-FACT,Vendor B - 2,PP,B1026:Dispatch
TXN-B1027-1,B1027,Moderate Efficiency,PR,APPROVED,2025-02-20T20:00:48Z,WH-COLLECT,Vendor B - 4,PS,B1027:Collection
TXN-B1027-2,B1027,Moderate Efficiency,SEG,APPROVED,2025-02-21T17:34:51Z,WH-COLLECT,Vendor B - 4,PS,B1027:Sorting
TXN-B1027-3,B1027,Moderate Efficiency,MB,APPROVED,2025-02-22T08:52:06Z,WH-WASH,Vendor B - 4,PS,B1027:Processing
TXN-B1027-4,B1027,Moderate Efficiency,MB,APPROVED,2025-02-23T00:25:54Z,WH-RECY,Vendor B - 4,PS,B1027:Recycling
TXN-B1027-5,B1027,Moderate Efficiency,SD,APPROVED,2025-02-23T09:02:10Z,WH-FACT,Vendor B - 4,PS,B1027:Dispatch
TXN-B1028-1,B1028,Moderate Efficiency,PR,APPROVED,2025-02-07T03:45:10Z,WH-COLLECT,Vendor B - 3,PVC,B1028:Collection
TXN-B1028-2,B1028,Moderate Efficiency,SEG,APPROVED,2025-02-08T06:52:21Z,WH-COLLECT,Vendor B - 3,PVC,B1028:Sorting
TXN-B1028-3,B1028,Moderate Efficiency,MB,APPROVED,2025-02-08T21:59:13Z,WH-WASH,Vendor B - 3,PVC,B1028:Processing
TXN-B1028-4,B1028,Moderate Efficiency,MB,APPROVED,2025-02-09T02:53:47Z,WH-RECY,Vendor B - 3,PVC,B1028:Recycling
TXN-B1028-5,B1028,Moderate Efficiency,SD,APPROVED,2025-02-10T03:59:07Z,WH-FACT,Vendor B - 3,PVC,B1028:Dispatch
TXN-B1029-1,B1029,Moderate Efficiency,PR,APPROVED,2025-01-16T02:48:32Z,WH-COLLECT,Vendor B - 1,PET,B1029:Collection
TXN-B1030-1,B1030,Moderate Efficiency,PR,APPROVED,2025-02-27T13:11:00Z,WH-COLLECT,Vendor B - 2,LDPE,B1030:Collection
TXN-B1030-2,B1030,Moderate Efficiency,SEG,APPROVED,2025-02-28T11:07:20Z,WH-COLLECT,Vendor B - 2,LDPE,B1030:Sorting
TXN-B1030-3,B1030,Moderate Efficiency,MB,APPROVED,2025-03-01T15:37:16Z,WH-WASH,Vendor B - 2,LDPE,B1030:Processing
TXN-B1030-4,B1030,Moderate Efficiency,MB,APPROVED,2025-03-01T20:04:23Z,WH-RECY,Vendor B - 2,LDPE,B1030:Recycling
TXN-B1030-5,B1030,Moderate Efficiency,SD,APPROVED,2025-03-02T07:28:34Z,WH-FACT,Vendor B - 2,LDPE,B1030:Dispatch
TXN-B1031-1,B1031,Moderate Efficiency,PR,APPROVED,2025-02-22T11:01:07Z,WH-COLLECT,Vendor B - 3,LDPE,B1031:Collection
TXN-B1032-1,B1032,Moderate Efficiency,PR,APPROVED,2025-02-19T02:55:25Z,WH-COLLECT,Vendor B - 2,PET,B1032:Collection
TXN-B1032-2,B1032,Moderate Efficiency,SEG,APPROVED,2025-02-19T23:41:47Z,WH-COLLECT,Vendor B - 2,PET,B1032:Sorting
TXN-B1032-3,B1032,Moderate Efficiency,MB,APPROVED,2025-02-21T07:24:43Z,WH-WASH,Vendor B - 2,PET,B1032:Processing
TXN-B1032-4,B1032,Moderate Efficiency,MB,APPROVED,2025-02-22T01:56:31Z,WH-RECY,Vendor B - 2,PET,B1032:Recycling
TXN-B1032-5,B1032,Moderate Efficiency,SD,APPROVED,2025-02-23T04:44:07Z,WH-FACT,Vendor B - 2,PET,B1032:Dispatch
TXN-B1033-1,B1033,Moderate Efficiency,PR,APPROVED,2025-02-17T15:27:31Z,WH-COLLECT,Vendor B - 5,PET,B1033:Collection
TXN-B1033-2,B1033,Moderate Efficiency,SEG,APPROVED,2025-02-17T20:25:21Z,WH-COLLECT,Vendor B - 5,PET,B1033:Sorting
TXN-B1034-1,B1034,Moderate Efficiency,PR,APPROVED,2025-02-05T19:54:30Z,WH-COLLECT,Vendor B - 2,PVC,B1034:Collection
TXN-B1034-2,B1034,Moderate Efficiency,SEG,APPROVED,2025-02-06T22:00:40Z,WH-COLLECT,Vendor B - 2,PVC,B1034:Sorting
TXN-B1035-1,B1035,Moderate Efficiency,PR,APPROVED,2025-01-13T04:14:15Z,WH-COLLECT,Vendor B - 5,PS,B1035:Collection
TXN-B1035-2,B1035,Moderate Efficiency,SEG,APPROVED,2025-01-13T20:08:34Z,WH-COLLECT,Vendor B - 5,PS,B1035:Sorting
TXN-B1035-3,B1035,Moderate Efficiency,MB,APPROVED,2025-01-14T20:05:49Z,WH-WASH,Vendor B - 5,PS,B1035:Processing
TXN-B1035-4,B1035,Moderate Efficiency,MB,APPROVED,2025-01-15T00:16:06Z,WH-RECY,Vendor B - 5,PS,B1035:Recycling
TXN-B1035-5,B1035,Moderate Efficiency,SD,APPROVED,2025-01-15T13:23:14Z,WH-FACT,Vendor B - 5,PS,B1035:Dispatch
TXN-B1036-1,B1036,Moderate Efficiency,PR,APPROVED,2025-02-27T05:20:20Z,WH-COLLECT,Vendor B - 5,PP,B1036:Collection
TXN-B1036-2,B1036,Moderate Efficiency,SEG,APPROVED,2025-02-27T13:22:02Z,WH-COLLECT,Vendor B - 5,PP,B1036:Sorting
TXN-B1036-3,B1036,Moderate Efficiency,MB,APPROVED,2025-02-27T18:22:37Z,WH-WASH,Vendor B - 5,PP,B1036:Processing
TXN-B1036-4,B1036,Moderate Efficiency,MB,APPROVED,2025-02-28T05:23:31Z,WH-RECY,Vendor B - 5,PP,B1036:Recycling
TXN-B1036-5,B1036,Moderate Efficiency,SD,APPROVED,2025-02-28T10:19:02Z,WH-FACT,Vendor B - 5,PP,B1036:Dispatch
TXN-B1037-1,B1037,Moderate Efficiency,PR,APPROVED,2025-01-12T19:40:55Z,WH-COLLECT,Vendor B - 1,HDPE,B1037:Collection
TXN-B1038-1,B1038,Moderate Efficiency,PR,APPROVED,2025-02-27T14:54:39Z,WH-COLLECT,Vendor B - 4,PVC,B1038:Collection
TXN-B1038-2,B1038,Moderate Efficiency,SEG,APPROVED,2025-02-28T11:44:45Z,WH-COLLECT,Vendor B - 4,PVC,B1038:Sorting
TXN-B1038-3,B1038,Moderate Efficiency,MB,APPROVED,2025-03-01T04:36:36Z,WH-WASH,Vendor B - 4,PVC,B1038:Processing
TXN-B1038-4,B1038,Moderate Efficiency,MB,APPROVED,2025-03-01T20:55:23Z,WH-RECY,Vendor B - 4,PVC,B1038:Recycling
TXN-B1038-5,B1038,Moderate Efficiency,SD,APPROVED,2025-03-02T02:55:19Z,WH-FACT,Vendor B - 4,PVC,B1038:Dispatch
TXN-B1039-1,B1039,Moderate Efficiency,PR,APPROVED,2025-02-14T04:32:27Z,WH-COLLECT,Vendor B - 2,PVC,B1039:Collection
TXN-B1039-2,B1039,Moderate Efficiency,SEG,APPROVED,2025-02-14T16:19:21Z,WH-COLLECT,Vendor B - 2,PVC,B1039:Sorting
TXN-B1039-3,B1039,Moderate Efficiency,MB,APPROVED,2025-02-15T09:30:10Z,WH-WASH,Vendor B - 2,PVC,B1039:Processing
TXN-B1040-1,B1040,Moderate Efficiency,PR,APPROVED,2025-02-10T09:38:21Z,WH-COLLECT,Vendor B - 1,PP,B1040:Collection
TXN-B1040-2,B1040,Moderate Efficiency,SEG,APPROVED,2025-02-11T11:29:33Z,WH-COLLECT,Vendor B - 1,PP,B1040:Sorting
TXN-B1040-3,B1040,Moderate Efficiency,MB,APPROVED,2025-02-11T16:18:35Z,WH-WASH,Vendor B - 1,PP,B1040:Processing
TXN-B1040-4,B1040,Moderate Efficiency,MB,APPROVED,2025-02-12T02:22:14Z,WH-RECY,Vendor B - 1,PP,B1040:Recycling
TXN-B1040-5,B1040,Moderate Efficiency,SD,APPROVED,2025-02-13T03:19:00Z,WH-FACT,Vendor B - 1,PP,B1040:Dispatch
TXN-B1041-1,B1041,High Loss,PR,APPROVED,2025-01-24T18:04:12Z,WH-COLLECT,Vendor C - 5,PVC,B1041:Collection
TXN-B1041-2,B1041,High Loss,SEG,APPROVED,2025-01-26T03:33:09Z,WH-COLLECT,Vendor C - 5,PVC,B1041:Sorting
TXN-B1041-3,B1041,High Loss,MB,APPROVED,2025-01-27T08:53:52Z,WH-WASH,Vendor C - 5,PVC,B1041:Processing
TXN-B1041-4,B1041,High Loss,MB,APPROVED,2025-01-28T19:17:18Z,WH-RECY,Vendor C - 5,PVC,B1041:Recycling
TXN-B1041-5,B1041,High Loss,SD,APPROVED,2025-01-30T05:42:58Z,WH-FACT,Vendor C - 5,PVC,B1041:Dispatch
TXN-B1042-1,B1042,High Loss,PR,APPROVED,2025-02-13T05:11:27Z,WH-COLLECT,Vendor C - 5,PS,B1042:Collection
TXN-B1042-2,B1042,High Loss,SEG,APPROVED,2025-02-14T00:53:50Z,WH-COLLECT,Vendor C - 5,PS,B1042:Sorting
TXN-B1042-3,B1042,High Loss,MB,APPROVED,2025-02-14T19:47:41Z,WH-WASH,Vendor C - 5,PS,B1042:Processing
TXN-B1042-4,B1042,High Loss,MB,APPROVED,2025-02-15T22:43:07Z,WH-RECY,Vendor C - 5,PS,B1042:Recycling
TXN-B1042-5,B1042,High Loss,SD,APPROVED,2025-02-17T08:20:07Z,WH-FACT,Vendor C - 5,PS,B1042:Dispatch
TXN-B1043-1,B1043,High Loss,PR,APPROVED,2025-02-11T14:34:22Z,WH-COLLECT,Vendor C - 1,PP,B1043:Collection
TXN-B1043-2,B1043,High Loss,SEG,APPROVED,2025-02-12T10:47:08Z,WH-COLLECT,Vendor C - 1,PP,B1043:Sorting
TXN-B1043-3,B1043,High Loss,MB,APPROVED,2025-02-13T17:17:37Z,WH-WASH,Vendor C - 1,PP,B1043:Processing
TXN-B1043-4,B1043,High Loss,MB,APPROVED,2025-02-15T04:37:23Z,WH-RECY,Vendor C - 1,PP,B1043:Recycling
TXN-B1043-5,B1043,High Loss,SD,APPROVED,2025-02-16T01:46:55Z,WH-FACT,Vendor C - 1,PP,B1043:Dispatch
TXN-B1044-1,B1044,High Loss,PR,APPROVED,2025-01-27T22:32:45Z,WH-COLLECT,Vendor C - 3,PP,B1044:Collection
TXN-B1044-2,B1044,High Loss,SEG,APPROVED,2025-01-28T13:41:54Z,WH-COLLECT,Vendor C - 3,PP,B1044:Sorting
TXN-B1044-3,B1044,High Loss,MB,APPROVED,2025-01-29T03:15:08Z,WH-WASH,Vendor C - 3,PP,B1044:Processing
TXN-B1044-4,B1044,High Loss,MB,APPROVED,2025-01-29T22:10:00Z,WH-RECY,Vendor C - 3,PP,B1044:Recycling
TXN-B1044-5,B1044,High Loss,SD,APPROVED,2025-01-30T17:56:50Z,WH-FACT,Vendor C - 3,PP,B1044:Dispatch
TXN-B1045-1,B1045,High Loss,PR,APPROVED,2025-01-19T11:58:25Z,WH-COLLECT,Vendor C - 3,PP,B1045:Collection
TXN-B1045-2,B1045,High Loss,SEG,APPROVED,2025-01-19T20:11:58Z,WH-COLLECT,Vendor C - 3,PP,B1045:Sorting
TXN-B1045-3,B1045,High Loss,MB,APPROVED,2025-01-20T20:57:57Z,WH-WASH,Vendor C - 3,PP,B1045:Processing
TXN-B1045-4,B1045,High Loss,MB,APPROVED,2025-01-21T15:56:38Z,WH-RECY,Vendor C - 3,PP,B1045:Recycling
TXN-B1045-5,B1045,High Loss,SD,APPROVED,2025-01-22T11:22:40Z,WH-FACT,Vendor C - 3,PP,B1045:Dispatch
TXN-B1046-1,B1046,High Loss,PR,APPROVED,2025-02-13T08:23:44Z,WH-COLLECT,Vendor C - 4,HDPE,B1046:Collection
TXN-B1046-2,B1046,High Loss,SEG,APPROVED,2025-02-14T09:29:48Z,WH-COLLECT,Vendor C - 4,HDPE,B1046:Sorting
TXN-B1046-3,B1046,High Loss,MB,APPROVED,2025-02-15T04:44:49Z,WH-WASH,Vendor C - 4,HDPE,B1046:Processing
TXN-B1046-4,B1046,High Loss,MB,APPROVED,2025-02-16T12:51:40Z,WH-RECY,Vendor C - 4,HDPE,B1046:Recycling
TXN-B1046-5,B1046,High Loss,SD,APPROVED,2025-02-17T03:17:55Z,WH-FACT,Vendor C - 4,HDPE,B1046:Dispatch
TXN-B1047-1,B1047,High Loss,PR,APPROVED,2025-02-16T03:30:44Z,WH-COLLECT,Vendor C - 5,HDPE,B1047:Collection
TXN-B1047-2,B1047,High Loss,SEG,APPROVED,2025-02-16T18:48:56Z,WH-COLLECT,Vendor C - 5,HDPE,B1047:Sorting
TXN-B1047-3,B1047,High Loss,MB,APPROVED,2025-02-17T08:17:23Z,WH-WASH,Vendor C - 5,HDPE,B1047:Processing
TXN-B1047-4,B1047,High Loss,MB,APPROVED,2025-02-17T19:13:56Z,WH-RECY,Vendor C - 5,HDPE,B1047:Recycling
TXN-B1047-5,B1047,High Loss,SD,APPROVED,2025-02-19T03:24:21Z,WH-FACT,Vendor C - 5,HDPE,B1047:Dispatch
TXN-B1048-1,B1048,High Loss,PR,APPROVED,2025-02-05T22:52:32Z,WH-COLLECT,Vendor C - 4,HDPE,B1048:Collection
TXN-B1048-2,B1048,High Loss,SEG,APPROVED,2025-02-06T23:22:01Z,WH-COLLECT,Vendor C - 4,HDPE,B1048:Sorting
TXN-B1048-3,B1048,High Loss,MB,APPROVED,2025-02-07T10:29:26Z,WH-WASH,Vendor C - 4,HDPE,B1048:Processing
TXN-B1049-1,B1049,High Loss,PR,APPROVED,2025-01-20T06:14:58Z,WH-COLLECT,Vendor C - 3,LDPE,B1049:Collection
TXN-B1049-2,B1049,High Loss,SEG,APPROVED,2025-01-21T14:40:09Z,WH-COLLECT,Vendor C - 3,LDPE,B1049:Sorting
TXN-B1049-3,B1049,High Loss,MB,APPROVED,2025-01-22T08:03:56Z,WH-WASH,Vendor C - 3,LDPE,B1049:Processing
TXN-B1049-4,B1049,High Loss,MB,APPROVED,2025-01-23T06:58:07Z,WH-RECY,Vendor C - 3,LDPE,B1049:Recycling
TXN-B1049-5,B1049,High Loss,SD,APPROVED,2025-01-24T00:48:18Z,WH-FACT,Vendor C - 3,LDPE,B1049:Dispatch
TXN-B1050-1,B1050,High Loss,PR,APPROVED,2025-02-01T23:06:55Z,WH-COLLECT,Vendor C - 3,PS,B1050:Collection
TXN-B1051-1,B1051,High Loss,PR,APPROVED,2025-02-06T23:18:51Z,WH-COLLECT,Vendor C - 5,PET,B1051:Collection
TXN-B1051-2,B1051,High Loss,SEG,APPROVED,2025-02-08T09:57:46Z,WH-COLLECT,Vendor C - 5,PET,B1051:Sorting
TXN-B1051-3,B1051,High Loss,MB,APPROVED,2025-02-09T21:02:20Z,WH-WASH,Vendor C - 5,PET,B1051:Processing
TXN-B1051-4,B1051,High Loss,MB,APPROVED,2025-02-10T12:14:12Z,WH-RECY,Vendor C - 5,PET,B1051:Recycling
TXN-B1051-5,B1051,High Loss,SD,APPROVED,2025-02-11T15:00:29Z,WH-FACT,Vendor C - 5,PET,B1051:Dispatch
TXN-B1052-1,B1052,High Loss,PR,APPROVED,2025-01-30T09:52:19Z,WH-COLLECT,Vendor C - 1,HDPE,B1052:Collection
TXN-B1052-2,B1052,High Loss,SEG,APPROVED,2025-01-31T14:53:29Z,WH-COLLECT,Vendor C - 1,HDPE,B1052:Sorting
TXN-B1052-3,B1052,High Loss,MB,APPROVED,2025-02-01T18:02:10Z,WH-WASH,Vendor C - 1,HDPE,B1052:Processing
TXN-B1053-1,B1053,High Loss,PR,APPROVED,2025-02-27T21:26:37Z,WH-COLLECT,Vendor C - 5,PVC,B1053:Collection
TXN-B1053-2,B1053,High Loss,SEG,APPROVED,2025-02-28T06:14:48Z,WH-COLLECT,Vendor C - 5,PVC,B1053:Sorting
TXN-B1053-3,B1053,High Loss,MB,APPROVED,2025-03-01T07:55:05Z,WH-WASH,Vendor C - 5,PVC,B1053:Processing
TXN-B1053-4,B1053,High Loss,MB,APPROVED,2025-03-02T19:04:45Z,WH-RECY,Vendor C - 5,PVC,B1053:Recycling
TXN-B1053-5,B1053,High Loss,SD,APPROVED,2025-03-03T05:20:53Z,WH-FACT,Vendor C - 5,PVC,B1053:Dispatch
TXN-B1054-1,B1054,High Loss,PR,APPROVED,2025-01-01T21:36:44Z,WH-COLLECT,Vendor C - 4,PET,B1054:Collection
TXN-B1054-2,B1054,High Loss,SEG,APPROVED,2025-01-02T18:01:24Z,WH-COLLECT,Vendor C - 4,PET,B1054:Sorting
TXN-B1054-3,B1054,High Loss,MB,APPROVED,2025-01-03T05:52:47Z,WH-WASH,Vendor C - 4,PET,B1054:Processing
TXN-B1054-4,B1054,High Loss,MB,APPROVED,2025-01-03T23:55:20Z,WH-RECY,Vendor C - 4,PET,B1054:Recycling
TXN-B1054-5,B1054,High Loss,SD,APPROVED,2025-01-04T22:02:04Z,WH-FACT,Vendor C - 4,PET,B1054:Dispatch
TXN-B1055-1,B1055,High Loss,PR,APPROVED,2025-01-17T19:02:23Z,WH-COLLECT,Vendor C - 4,PS,B1055:Collection
TXN-B1055-2,B1055,High Loss,SEG,APPROVED,2025-01-19T04:54:27Z,WH-COLLECT,Vendor C - 4,PS,B1055:Sorting
TXN-B1055-3,B1055,High Loss,MB,APPROVED,2025-01-20T16:06:05Z,WH-WASH,Vendor C - 4,PS,B1055:Processing
TXN-B1055-4,B1055,High Loss,MB,APPROVED,2025-01-21T17:35:52Z,WH-RECY,Vendor C - 4,PS,B1055:Recycling
TXN-B1055-5,B1055,High Loss,SD,APPROVED,2025-01-22T10:25:03Z,WH-FACT,Vendor C - 4,PS,B1055:Dispatch
TXN-B1056-1,B1056,High Loss,PR,APPROVED,2025-02-09T23:37:27Z,WH-COLLECT,Vendor C - 2,PS,B1056:Collection
TXN-B1056-2,B1056,High Loss,SEG,APPROVED,2025-02-10T08:31:41Z,WH-COLLECT,Vendor C - 2,PS,B1056:Sorting
TXN-B1056-3,B1056,High Loss,MB,APPROVED,2025-02-11T10:04:40Z,WH-WASH,Vendor C - 2,PS,B1056:Processing
TXN-B1056-4,B1056,High Loss,MB,APPROVED,2025-02-12T04:00:23Z,WH-RECY,Vendor C - 2,PS,B1056:Recycling
TXN-B1056-5,B1056,High Loss,SD,APPROVED,2025-02-12T21:37:49Z,WH-FACT,Vendor C - 2,PS,B1056:Dispatch
TXN-B1057-1,B1057,High Loss,PR,APPROVED,2025-01-17T13:23:19Z,WH-COLLECT,Vendor C - 5,PET,B1057:Collection
TXN-B1057-2,B1057,High Loss,SEG,APPROVED,2025-01-18T13:07:39Z,WH-COLLECT,Vendor C - 5,PET,B1057:Sorting
TXN-B1057-3,B1057,High Loss,MB,APPROVED,2025-01-19T21:42:41Z,WH-WASH,Vendor C - 5,PET,B1057:Processing
TXN-B1057-4,B1057,High Loss,MB,APPROVED,2025-01-21T06:12:15Z,WH-RECY,Vendor C - 5,PET,B1057:Recycling
TXN-B1057-5,B1057,High Loss,SD,APPROVED,2025-01-21T14:57:21Z,WH-FACT,Vendor C - 5,PET,B1057:Dispatch
TXN-B1058-1,B1058,High Loss,PR,APPROVED,2025-02-21T14:14:10Z,WH-COLLECT,Vendor C - 2,LDPE,B1058:Collection
TXN-B1058-2,B1058,High Loss,SEG,APPROVED,2025-02-22T14:07:10Z,WH-COLLECT,Vendor C - 2,LDPE,B1058:Sorting
TXN-B1058-3,B1058,High Loss,MB,APPROVED,2025-02-24T00:50:57Z,WH-WASH,Vendor C - 2,LDPE,B1058:Processing
TXN-B1058-4,B1058,High Loss,MB,APPROVED,2025-02-24T11:30:02Z,WH-RECY,Vendor C - 2,LDPE,B1058:Recycling
TXN-B1058-5,B1058,High Loss,SD,APPROVED,2025-02-25T15:36:45Z,WH-FACT,Vendor C - 2,LDPE,B1058:Dispatch
TXN-B1059-1,B1059,High Loss,PR,APPROVED,2025-02-13T19:58:47Z,WH-COLLECT,Vendor C - 4,PP,B1059:Collection
TXN-B1059-2,B1059,High Loss,SEG,APPROVED,2025-02-15T04:40:24Z,WH-COLLECT,Vendor C - 4,PP,B1059:Sorting
TXN-B1059-3,B1059,High Loss,MB,APPROVED,2025-02-16T12:55:24Z,WH-WASH,Vendor C - 4,PP,B1059:Processing
TXN-B1059-4,B1059,High Loss,MB,APPROVED,2025-02-17T14:31:41Z,WH-RECY,Vendor C - 4,PP,B1059:Recycling
TXN-B1059-5,B1059,High Loss,SD,APPROVED,2025-02-18T16:58:18Z,WH-FACT,Vendor C - 4,PP,B1059:Dispatch
TXN-B1060-1,B1060,High Loss,PR,APPROVED,2025-01-12T11:25:07Z,WH-COLLECT,Vendor C - 3,HDPE,B1060:Collection
TXN-B1061-1,B1061,Delay-Dominant,PR,APPROVED,2025-02-19T20:22:39Z,WH-COLLECT,Vendor B - 4,PP,B1061:Collection
TXN-B1061-2,B1061,Delay-Dominant,SEG,APPROVED,2025-02-23T20:22:02Z,WH-COLLECT,Vendor B - 4,PP,B1061:Sorting
TXN-B1061-3,B1061,Delay-Dominant,MB,APPROVED,2025-02-25T18:19:17Z,WH-WASH,Vendor B - 4,PP,B1061:Processing
TXN-B1061-4,B1061,Delay-Dominant,MB,APPROVED,2025-03-02T04:39:45Z,WH-RECY,Vendor B - 4,PP,B1061:Recycling
TXN-B1062-1,B1062,Delay-Dominant,PR,APPROVED,2025-01-20T17:13:10Z,WH-COLLECT,Vendor B - 2,PET,B1062:Collection
TXN-B1062-2,B1062,Delay-Dominant,SEG,APPROVED,2025-01-24T04:24:44Z,WH-COLLECT,Vendor B - 2,PET,B1062:Sorting
TXN-B1062-3,B1062,Delay-Dominant,MB,APPROVED,2025-01-27T11:05:37Z,WH-WASH,Vendor B - 2,PET,B1062:Processing
TXN-B1062-4,B1062,Delay-Dominant,MB,APPROVED,2025-01-29T18:44:47Z,WH-RECY,Vendor B - 2,PET,B1062:Recycling
TXN-B1062-5,B1062,Delay-Dominant,SD,APPROVED,2025-02-02T02:30:32Z,WH-FACT,Vendor B - 2,PET,B1062:Dispatch
TXN-B1063-1,B1063,Delay-Dominant,PR,APPROVED,2025-02-24T02:41:17Z,WH-COLLECT,Vendor B - 4,PET,B1063:Collection
TXN-B1063-2,B1063,Delay-Dominant,SEG,APPROVED,2025-02-28T12:46:22Z,WH-COLLECT,Vendor B - 4,PET,B1063:Sorting
TXN-B1063-3,B1063,Delay-Dominant,MB,APPROVED,2025-03-05T10:27:57Z,WH-WASH,Vendor B - 4,PET,B1063:Processing
TXN-B1063-4,B1063,Delay-Dominant,MB,APPROVED,2025-03-09T10:26:12Z,WH-RECY,Vendor B - 4,PET,B1063:Recycling
TXN-B1063-5,B1063,Delay-Dominant,SD,APPROVED,2025-03-13T07:10:24Z,WH-FACT,Vendor B - 4,PET,B1063:Dispatch
TXN-B1064-1,B1064,Delay-Dominant,PR,APPROVED,2025-02-06T14:48:10Z,WH-COLLECT,Vendor B - 1,PET,B1064:Collection
TXN-B1064-2,B1064,Delay-Dominant,SEG,APPROVED,2025-02-09T00:27:59Z,WH-COLLECT,Vendor B - 1,PET,B1064:Sorting
TXN-B1064-3,B1064,Delay-Dominant,MB,APPROVED,2025-02-10T14:37:08Z,WH-WASH,Vendor B - 1,PET,B1064:Processing
TXN-B1064-4,B1064,Delay-Dominant,MB,APPROVED,2025-02-12T05:43:25Z,WH-RECY,Vendor B - 1,PET,B1064:Recycling
TXN-B1064-5,B1064,Delay-Dominant,SD,APPROVED,2025-02-16T00:59:01Z,WH-FACT,Vendor B - 1,PET,B1064:Dispatch
TXN-B1065-1,B1065,Delay-Dominant,PR,APPROVED,2025-02-18T19:44:54Z,WH-COLLECT,Vendor B - 5,HDPE,B1065:Collection
TXN-B1065-2,B1065,Delay-Dominant,SEG,APPROVED,2025-02-21T23:52:40Z,WH-COLLECT,Vendor B - 5,HDPE,B1065:Sorting
TXN-B1065-3,B1065,Delay-Dominant,MB,APPROVED,2025-02-24T13:33:15Z,WH-WASH,Vendor B - 5,HDPE,B1065:Processing
TXN-B1065-4,B1065,Delay-Dominant,MB,APPROVED,2025-02-26T11:50:00Z,WH-RECY,Vendor B - 5,HDPE,B1065:Recycling
TXN-B1065-5,B1065,Delay-Dominant,SD,APPROVED,2025-03-02T08:03:41Z,WH-FACT,Vendor B - 5,HDPE,B1065:Dispatch
TXN-B1066-1,B1066,Delay-Dominant,PR,APPROVED,2025-02-27T19:53:28Z,WH-COLLECT,Vendor B - 4,PP,B1066:Collection
TXN-B1066-2,B1066,Delay-Dominant,SEG,APPROVED,2025-03-04T12:59:55Z,WH-COLLECT,Vendor B - 4,PP,B1066:Sorting
TXN-B1067-1,B1067,Delay-Dominant,PR,APPROVED,2025-02-11T20:30:30Z,WH-COLLECT,Vendor B - 5,HDPE,B1067:Collection
TXN-B1067-2,B1067,Delay-Dominant,SEG,APPROVED,2025-02-14T03:30:10Z,WH-COLLECT,Vendor B - 5,HDPE,B1067:Sorting
TXN-B1067-3,B1067,Delay-Dominant,MB,APPROVED,2025-02-16T11:07:29Z,WH-WASH,Vendor B - 5,HDPE,B1067:Processing
TXN-B1067-4,B1067,Delay-Dominant,MB,APPROVED,2025-02-20T03:14:51Z,WH-RECY,Vendor B - 5,HDPE,B1067:Recycling
TXN-B1067-5,B1067,Delay-Dominant,SD,APPROVED,2025-02-21T21:08:55Z,WH-FACT,Vendor B - 5,HDPE,B1067:Dispatch
TXN-B1068-1,B1068,Delay-Dominant,PR,APPROVED,2025-02-26T19:53:08Z,WH-COLLECT,Vendor B - 5,PP,B1068:Collection
TXN-B1068-2,B1068,Delay-Dominant,SEG,APPROVED,2025-03-02T17:24:54Z,WH-COLLECT,Vendor B - 5,PP,B1068:Sorting
TXN-B1068-3,B1068,Delay-Dominant,MB,APPROVED,2025-03-07T02:46:28Z,WH-WASH,Vendor B - 5,PP,B1068:Processing
TXN-B1068-4,B1068,Delay-Dominant,MB,APPROVED,2025-03-10T04:32:28Z,WH-RECY,Vendor B - 5,PP,B1068:Recycling
TXN-B1068-5,B1068,Delay-Dominant,SD,APPROVED,2025-03-15T02:14:03Z,WH-FACT,Vendor B - 5,PP,B1068:Dispatch
TXN-B1069-1,B1069,Delay-Dominant,PR,APPROVED,2025-01-19T19:26:47Z,WH-COLLECT,Vendor B - 3,PET,B1069:Collection
TXN-B1069-2,B1069,Delay-Dominant,SEG,APPROVED,2025-01-22T16:34:42Z,WH-COLLECT,Vendor B - 3,PET,B1069:Sorting
TXN-B1069-3,B1069,Delay-Dominant,MB,APPROVED,2025-01-25T01:28:22Z,WH-WASH,Vendor B - 3,PET,B1069:Processing
TXN-B1069-4,B1069,Delay-Dominant,MB,APPROVED,2025-01-28T23:48:32Z,WH-RECY,Vendor B - 3,PET,B1069:Recycling
TXN-B1069-5,B1069,Delay-Dominant,SD,APPROVED,2025-01-30T22:46:36Z,WH-FACT,Vendor B - 3,PET,B1069:Dispatch
TXN-B1070-1,B1070,Delay-Dominant,PR,APPROVED,2025-02-02T05:26:28Z,WH-COLLECT,Vendor B - 1,HDPE,B1070:Collection
TXN-B1070-2,B1070,Delay-Dominant,SEG,APPROVED,2025-02-07T04:05:16Z,WH-COLLECT,Vendor B - 1,HDPE,B1070:Sorting
TXN-B1070-3,B1070,Delay-Dominant,MB,APPROVED,2025-02-09T20:58:01Z,WH-WASH,Vendor B - 1,HDPE,B1070:Processing
TXN-B1070-4,B1070,Delay-Dominant,MB,APPROVED,2025-02-14T20:52:42Z,WH-RECY,Vendor B - 1,HDPE,B1070:Recycling
TXN-B1070-5,B1070,Delay-Dominant,SD,APPROVED,2025-02-16T18:06:03Z,WH-FACT,Vendor B - 1,HDPE,B1070:Dispatch
TXN-B1071-1,B1071,Delay-Dominant,PR,APPROVED,2025-02-14T21:20:25Z,WH-COLLECT,Vendor B - 1,LDPE,B1071:Collection
TXN-B1072-1,B1072,Delay-Dominant,PR,APPROVED,2025-02-12T06:08:33Z,WH-COLLECT,Vendor B - 1,HDPE,B1072:Collection
TXN-B1072-2,B1072,Delay-Dominant,SEG,APPROVED,2025-02-14T05:04:32Z,WH-COLLECT,Vendor B - 1,HDPE,B1072:Sorting
TXN-B1072-3,B1072,Delay-Dominant,MB,APPROVED,2025-02-17T00:02:11Z,WH-WASH,Vendor B - 1,HDPE,B1072:Processing
TXN-B1072-4,B1072,Delay-Dominant,MB,APPROVED,2025-02-21T03:53:07Z,WH-RECY,Vendor B - 1,HDPE,B1072:Recycling
TXN-B1072-5,B1072,Delay-Dominant,SD,APPROVED,2025-02-25T14:17:33Z,WH-FACT,Vendor B - 1,HDPE,B1072:Dispatch
TXN-B1073-1,B1073,Delay-Dominant,PR,APPROVED,2025-01-02T04:10:47Z,WH-COLLECT,Vendor B - 4,PVC,B1073:Collection
TXN-B1073-2,B1073,Delay-Dominant,SEG,APPROVED,2025-01-04T07:58:00Z,WH-COLLECT,Vendor B - 4,PVC,B1073:Sorting
TXN-B1073-3,B1073,Delay-Dominant,MB,APPROVED,2025-01-07T08:44:29Z,WH-WASH,Vendor B - 4,PVC,B1073:Processing
TXN-B1073-4,B1073,Delay-Dominant,MB,APPROVED,2025-01-11T15:26:09Z,WH-RECY,Vendor B - 4,PVC,B1073:Recycling
TXN-B1073-5,B1073,Delay-Dominant,SD,APPROVED,2025-01-16T12:18:49Z,WH-FACT,Vendor B - 4,PVC,B1073:Dispatch
TXN-B1074-1,B1074,Delay-Dominant,PR,APPROVED,2025-01-18T11:32:17Z,WH-COLLECT,Vendor B - 2,PET,B1074:Collection
TXN-B1074-2,B1074,Delay-Dominant,SEG,APPROVED,2025-01-22T10:57:10Z,WH-COLLECT,Vendor B - 2,PET,B1074:Sorting
TXN-B1074-3,B1074,Delay-Dominant,MB,APPROVED,2025-01-25T22:49:55Z,WH-WASH,Vendor B - 2,PET,B1074:Processing
TXN-B1074-4,B1074,Delay-Dominant,MB,APPROVED,2025-01-28T12:39:23Z,WH-RECY,Vendor B - 2,PET,B1074:Recycling
TXN-B1074-5,B1074,Delay-Dominant,SD,APPROVED,2025-02-02T02:52:57Z,WH-FACT,Vendor B - 2,PET,B1074:Dispatch
TXN-B1075-1,B1075,Delay-Dominant,PR,APPROVED,2025-01-27T16:31:57Z,WH-COLLECT,Vendor B - 2,PS,B1075:Collection
TXN-B1075-2,B1075,Delay-Dominant,SEG,APPROVED,2025-01-30T11:11:03Z,WH-COLLECT,Vendor B - 2,PS,B1075:Sorting
TXN-B1075-3,B1075,Delay-Dominant,MB,APPROVED,2025-02-02T14:25:57Z,WH-WASH,Vendor B - 2,PS,B1075:Processing
TXN-B1075-4,B1075,Delay-Dominant,MB,APPROVED,2025-02-06T07:13:55Z,WH-RECY,Vendor B - 2,PS,B1075:Recycling
TXN-B1075-5,B1075,Delay-Dominant,SD,APPROVED,2025-02-08T06:14:29Z,WH-FACT,Vendor B - 2,PS,B1075:Dispatch
TXN-B1076-1,B1076,Delay-Dominant,PR,APPROVED,2025-02-28T03:32:37Z,WH-COLLECT,Vendor B - 3,PS,B1076:Collection
TXN-B1076-2,B1076,Delay-Dominant,SEG,APPROVED,2025-03-01T22:42:04Z,WH-COLLECT,Vendor B - 3,PS,B1076:Sorting
TXN-B1076-3,B1076,Delay-Dominant,MB,APPROVED,2025-03-04T12:06:39Z,WH-WASH,Vendor B - 3,PS,B1076:Processing
TXN-B1076-4,B1076,Delay-Dominant,MB,APPROVED,2025-03-09T08:04:29Z,WH-RECY,Vendor B - 3,PS,B1076:Recycling
TXN-B1076-5,B1076,Delay-Dominant,SD,APPROVED,2025-03-13T20:41:52Z,WH-FACT,Vendor B - 3,PS,B1076:Dispatch
TXN-B1077-1,B1077,Delay-Dominant,PR,APPROVED,2025-03-02T10:29:01Z,WH-COLLECT,Vendor B - 1,PVC,B1077:Collection
TXN-B1077-2,B1077,Delay-Dominant,SEG,APPROVED,2025-03-05T21:33:16Z,WH-COLLECT,Vendor B - 1,PVC,B1077:Sorting
TXN-B1077-3,B1077,Delay-Dominant,MB,APPROVED,2025-03-10T05:23:00Z,WH-WASH,Vendor B - 1,PVC,B1077:Processing
TXN-B1077-4,B1077,Delay-Dominant,MB,APPROVED,2025-03-12T07:11:50Z,WH-RECY,Vendor B - 1,PVC,B1077:Recycling
TXN-B1077-5,B1077,Delay-Dominant,SD,APPROVED,2025-03-14T03:27:42Z,WH-FACT,Vendor B - 1,PVC,B1077:Dispatch
TXN-B1078-1,B1078,Delay-Dominant,PR,APPROVED,2025-02-02T16:30:24Z,WH-COLLECT,Vendor B - 2,PP,B1078:Collection
TXN-B1078-2,B1078,Delay-Dominant,SEG,APPROVED,2025-02-06T09:07:07Z,WH-COLLECT,Vendor B - 2,PP,B1078:Sorting
TXN-B1078-3,B1078,Delay-Dominant,MB,APPROVED,2025-02-09T13:13:16Z,WH-WASH,Vendor B - 2,PP,B1078:Processing
TXN-B1078-4,B1078,Delay-Dominant,MB,APPROVED,2025-02-13T16:39:25Z,WH-RECY,Vendor B - 2,PP,B1078:Recycling
TXN-B1078-5,B1078,Delay-Dominant,SD,APPROVED,2025-02-17T00:33:12Z,WH-FACT,Vendor B - 2,PP,B1078:Dispatch
TXN-B1079-1,B1079,Delay-Dominant,PR,APPROVED,2025-02-27T07:05:29Z,WH-COLLECT,Vendor B - 4,PP,B1079:Collection
TXN-B1079-2,B1079,Delay-Dominant,SEG,APPROVED,2025-03-01T19:40:40Z,WH-COLLECT,Vendor B - 4,PP,B1079:Sorting
TXN-B1079-3,B1079,Delay-Dominant,MB,APPROVED,2025-03-05T05:04:20Z,WH-WASH,Vendor B - 4,PP,B1079:Processing
TXN-B1079-4,B1079,Delay-Dominant,MB,APPROVED,2025-03-07T04:25:26Z,WH-RECY,Vendor B - 4,PP,B1079:Recycling
TXN-B1079-5,B1079,Delay-Dominant,SD,APPROVED,2025-03-09T23:23:43Z,WH-FACT,Vendor B - 4,PP,B1079:Dispatch
TXN-B1080-1,B1080,Delay-Dominant,PR,APPROVED,2025-03-02T00:54:19Z,WH-COLLECT,Vendor B - 3,LDPE,B1080:Collection
TXN-B1080-2,B1080,Delay-Dominant,SEG,APPROVED,2025-03-05T06:10:55Z,WH-COLLECT,Vendor B - 3,LDPE,B1080:Sorting
TXN-B1080-3,B1080,Delay-Dominant,MB,APPROVED,2025-03-07T12:10:57Z,WH-WASH,Vendor B - 3,LDPE,B1080:Processing
TXN-B1080-4,B1080,Delay-Dominant,MB,APPROVED,2025-03-10T13:26:55Z,WH-RECY,Vendor B - 3,LDPE,B1080:Recycling
TXN-B1080-5,B1080,Delay-Dominant,SD,APPROVED,2025-03-12T16:03:05Z,WH-FACT,Vendor B - 3,LDPE,B1080:Dispatch
TXN-B1081-1,B1081,Vendor-Issue,PR,APPROVED,2025-02-27T18:49:13Z,WH-COLLECT,Vendor C - 3,PP,B1081:Collection
TXN-B1081-2,B1081,Vendor-Issue,SEG,APPROVED,2025-03-01T03:41:17Z,WH-COLLECT,Vendor C - 3,PP,B1081:Sorting
TXN-B1081-3,B1081,Vendor-Issue,MB,APPROVED,2025-03-01T12:03:49Z,WH-WASH,Vendor C - 3,PP,B1081:Processing
TXN-B1081-4,B1081,Vendor-Issue,MB,APPROVED,2025-03-02T22:41:05Z,WH-RECY,Vendor C - 3,PP,B1081:Recycling
TXN-B1081-5,B1081,Vendor-Issue,SD,APPROVED,2025-03-04T23:24:17Z,WH-FACT,Vendor C - 3,PP,B1081:Dispatch
TXN-B1082-1,B1082,Vendor-Issue,PR,APPROVED,2025-01-14T16:51:39Z,WH-COLLECT,Vendor C - 4,PS,B1082:Collection
TXN-B1082-2,B1082,Vendor-Issue,SEG,APPROVED,2025-01-15T03:02:56Z,WH-COLLECT,Vendor C - 4,PS,B1082:Sorting
TXN-B1082-3,B1082,Vendor-Issue,MB,APPROVED,2025-01-17T17:54:15Z,WH-WASH,Vendor C - 4,PS,B1082:Processing
TXN-B1082-4,B1082,Vendor-Issue,MB,APPROVED,2025-01-18T20:20:09Z,WH-RECY,Vendor C - 4,PS,B1082:Recycling
TXN-B1082-5,B1082,Vendor-Issue,SD,APPROVED,2025-01-21T02:57:43Z,WH-FACT,Vendor C - 4,PS,B1082:Dispatch
TXN-B1083-1,B1083,Vendor-Issue,PR,APPROVED,2025-02-16T09:22:47Z,WH-COLLECT,Vendor C - 5,PET,B1083:Collection
TXN-B1083-2,B1083,Vendor-Issue,SEG,APPROVED,2025-02-18T22:56:06Z,WH-COLLECT,Vendor C - 5,PET,B1083:Sorting
TXN-B1083-3,B1083,Vendor-Issue,MB,APPROVED,2025-02-20T19:22:17Z,WH-WASH,Vendor C - 5,PET,B1083:Processing
TXN-B1083-4,B1083,Vendor-Issue,MB,APPROVED,2025-02-23T06:27:18Z,WH-RECY,Vendor C - 5,PET,B1083:Recycling
TXN-B1083-5,B1083,Vendor-Issue,SD,APPROVED,2025-02-25T17:46:28Z,WH-FACT,Vendor C - 5,PET,B1083:Dispatch
TXN-B1084-1,B1084,Vendor-Issue,PR,APPROVED,2025-02-10T06:54:43Z,WH-COLLECT,Vendor C - 2,PS,B1084:Collection
TXN-B1084-2,B1084,Vendor-Issue,SEG,APPROVED,2025-02-11T09:24:10Z,WH-COLLECT,Vendor C - 2,PS,B1084:Sorting
TXN-B1084-3,B1084,Vendor-Issue,MB,APPROVED,2025-02-12T07:45:40Z,WH-WASH,Vendor C - 2,PS,B1084:Processing
TXN-B1084-4,B1084,Vendor-Issue,MB,APPROVED,2025-02-14T09:12:17Z,WH-RECY,Vendor C - 2,PS,B1084:Recycling
TXN-B1084-5,B1084,Vendor-Issue,SD,APPROVED,2025-02-14T22:35:52Z,WH-FACT,Vendor C - 2,PS,B1084:Dispatch
TXN-B1085-1,B1085,Vendor-Issue,PR,APPROVED,2025-02-21T18:29:34Z,WH-COLLECT,Vendor C - 2,LDPE,B1085:Collection
TXN-B1085-2,B1085,Vendor-Issue,SEG,APPROVED,2025-02-23T05:42:37Z,WH-COLLECT,Vendor C - 2,LDPE,B1085:Sorting
TXN-B1085-3,B1085,Vendor-Issue,MB,APPROVED,2025-02-24T01:34:24Z,WH-WASH,Vendor C - 2,LDPE,B1085:Processing
TXN-B1085-4,B1085,Vendor-Issue,MB,APPROVED,2025-02-26T11:09:50Z,WH-RECY,Vendor C - 2,LDPE,B1085:Recycling
TXN-B1085-5,B1085,Vendor-Issue,SD,APPROVED,2025-02-28T11:30:45Z,WH-FACT,Vendor C - 2,LDPE,B1085:Dispatch
TXN-B1086-1,B1086,Vendor-Issue,PR,APPROVED,2025-01-05T18:48:44Z,WH-COLLECT,Vendor C - 1,PET,B1086:Collection
TXN-B1086-2,B1086,Vendor-Issue,SEG,APPROVED,2025-01-07T02:05:06Z,WH-COLLECT,Vendor C - 1,PET,B1086:Sorting
TXN-B1086-3,B1086,Vendor-Issue,MB,APPROVED,2025-01-09T17:54:23Z,WH-WASH,Vendor C - 1,PET,B1086:Processing
TXN-B1086-4,B1086,Vendor-Issue,MB,APPROVED,2025-01-12T06:23:00Z,WH-RECY,Vendor C - 1,PET,B1086:Recycling
TXN-B1086-5,B1086,Vendor-Issue,SD,APPROVED,2025-01-14T02:55:15Z,WH-FACT,Vendor C - 1,PET,B1086:Dispatch
TXN-B1087-1,B1087,Vendor-Issue,PR,APPROVED,2025-01-27T05:00:03Z,WH-COLLECT,Vendor C - 1,LDPE,B1087:Collection
TXN-B1087-2,B1087,Vendor-Issue,SEG,APPROVED,2025-01-27T16:57:52Z,WH-COLLECT,Vendor C - 1,LDPE,B1087:Sorting
TXN-B1087-3,B1087,Vendor-Issue,MB,APPROVED,2025-01-28T02:33:29Z,WH-WASH,Vendor C - 1,LDPE,B1087:Processing
TXN-B1087-4,B1087,Vendor-Issue,MB,APPROVED,2025-01-29T22:15:31Z,WH-RECY,Vendor C - 1,LDPE,B1087:Recycling
TXN-B1087-5,B1087,Vendor-Issue,SD,APPROVED,2025-01-31T02:44:56Z,WH-FACT,Vendor C - 1,LDPE,B1087:Dispatch
TXN-B1088-1,B1088,Vendor-Issue,PR,APPROVED,2025-01-09T23:07:04Z,WH-COLLECT,Vendor C - 1,PET,B1088:Collection
TXN-B1088-2,B1088,Vendor-Issue,SEG,APPROVED,2025-01-10T14:46:56Z,WH-COLLECT,Vendor C - 1,PET,B1088:Sorting
TXN-B1088-3,B1088,Vendor-Issue,MB,APPROVED,2025-01-12T09:12:19Z,WH-WASH,Vendor C - 1,PET,B1088:Processing
TXN-B1088-4,B1088,Vendor-Issue,MB,APPROVED,2025-01-12T18:18:14Z,WH-RECY,Vendor C - 1,PET,B1088:Recycling
TXN-B1088-5,B1088,Vendor-Issue,SD,APPROVED,2025-01-13T08:08:14Z,WH-FACT,Vendor C - 1,PET,B1088:Dispatch
TXN-B1089-1,B1089,Vendor-Issue,PR,APPROVED,2025-01-24T05:31:10Z,WH-COLLECT,Vendor C - 5,PP,B1089:Collection
TXN-B1089-2,B1089,Vendor-Issue,SEG,APPROVED,2025-01-26T09:07:42Z,WH-COLLECT,Vendor C - 5,PP,B1089:Sorting
TXN-B1089-3,B1089,Vendor-Issue,MB,APPROVED,2025-01-27T06:44:38Z,WH-WASH,Vendor C - 5,PP,B1089:Processing
TXN-B1089-4,B1089,Vendor-Issue,MB,APPROVED,2025-01-27T23:35:20Z,WH-RECY,Vendor C - 5,PP,B1089:Recycling
TXN-B1089-5,B1089,Vendor-Issue,SD,APPROVED,2025-01-29T19:06:38Z,WH-FACT,Vendor C - 5,PP,B1089:Dispatch
TXN-B1090-1,B1090,Vendor-Issue,PR,APPROVED,2025-02-25T16:14:11Z,WH-COLLECT,Vendor C - 3,HDPE,B1090:Collection
TXN-B1090-2,B1090,Vendor-Issue,SEG,APPROVED,2025-02-27T00:02:21Z,WH-COLLECT,Vendor C - 3,HDPE,B1090:Sorting
TXN-B1090-3,B1090,Vendor-Issue,MB,APPROVED,2025-02-27T08:16:30Z,WH-WASH,Vendor C - 3,HDPE,B1090:Processing
TXN-B1090-4,B1090,Vendor-Issue,MB,APPROVED,2025-03-01T10:09:44Z,WH-RECY,Vendor C - 3,HDPE,B1090:Recycling
TXN-B1091-1,B1091,Vendor-Issue,PR,APPROVED,2025-01-29T22:09:47Z,WH-COLLECT,Vendor C - 3,LDPE,B1091:Collection
TXN-B1091-2,B1091,Vendor-Issue,SEG,APPROVED,2025-02-01T03:19:42Z,WH-COLLECT,Vendor C - 3,LDPE,B1091:Sorting
TXN-B1091-3,B1091,Vendor-Issue,MB,APPROVED,2025-02-02T10:52:49Z,WH-WASH,Vendor C - 3,LDPE,B1091:Processing
TXN-B1091-4,B1091,Vendor-Issue,MB,APPROVED,2025-02-02T21:59:18Z,WH-RECY,Vendor C - 3,LDPE,B1091:Recycling
TXN-B1091-5,B1091,Vendor-Issue,SD,APPROVED,2025-02-04T18:55:20Z,WH-FACT,Vendor C - 3,LDPE,B1091:Dispatch
TXN-B1092-1,B1092,Vendor-Issue,PR,APPROVED,2025-02-16T09:37:03Z,WH-COLLECT,Vendor C - 5,LDPE,B1092:Collection
TXN-B1092-2,B1092,Vendor-Issue,SEG,APPROVED,2025-02-18T05:51:39Z,WH-COLLECT,Vendor C - 5,LDPE,B1092:Sorting
TXN-B1092-3,B1092,Vendor-Issue,MB,APPROVED,2025-02-20T05:12:29Z,WH-WASH,Vendor C - 5,LDPE,B1092:Processing
TXN-B1092-4,B1092,Vendor-Issue,MB,APPROVED,2025-02-21T16:37:48Z,WH-RECY,Vendor C - 5,LDPE,B1092:Recycling
TXN-B1093-1,B1093,Vendor-Issue,PR,APPROVED,2025-02-10T00:46:32Z,WH-COLLECT,Vendor C - 2,PS,B1093:Collection
TXN-B1093-2,B1093,Vendor-Issue,SEG,APPROVED,2025-02-12T06:58:13Z,WH-COLLECT,Vendor C - 2,PS,B1093:Sorting
TXN-B1093-3,B1093,Vendor-Issue,MB,APPROVED,2025-02-13T12:49:33Z,WH-WASH,Vendor C - 2,PS,B1093:Processing
TXN-B1093-4,B1093,Vendor-Issue,MB,APPROVED,2025-02-15T02:04:42Z,WH-RECY,Vendor C - 2,PS,B1093:Recycling
TXN-B1093-5,B1093,Vendor-Issue,SD,APPROVED,2025-02-17T12:49:04Z,WH-FACT,Vendor C - 2,PS,B1093:Dispatch
TXN-B1094-1,B1094,Vendor-Issue,PR,APPROVED,2025-01-12T18:26:48Z,WH-COLLECT,Vendor C - 3,LDPE,B1094:Collection
TXN-B1094-2,B1094,Vendor-Issue,SEG,APPROVED,2025-01-15T07:20:26Z,WH-COLLECT,Vendor C - 3,LDPE,B1094:Sorting
TXN-B1094-3,B1094,Vendor-Issue,MB,APPROVED,2025-01-15T19:49:45Z,WH-WASH,Vendor C - 3,LDPE,B1094:Processing
TXN-B1094-4,B1094,Vendor-Issue,MB,APPROVED,2025-01-17T23:30:46Z,WH-RECY,Vendor C - 3,LDPE,B1094:Recycling
TXN-B1094-5,B1094,Vendor-Issue,SD,APPROVED,2025-01-19T08:12:50Z,WH-FACT,Vendor C - 3,LDPE,B1094:Dispatch
TXN-B1095-1,B1095,Vendor-Issue,PR,APPROVED,2025-02-05T02:25:10Z,WH-COLLECT,Vendor C - 4,PVC,B1095:Collection
TXN-B1095-2,B1095,Vendor-Issue,SEG,APPROVED,2025-02-07T01:01:20Z,WH-COLLECT,Vendor C - 4,PVC,B1095:Sorting
TXN-B1095-3,B1095,Vendor-Issue,MB,APPROVED,2025-02-07T19:40:38Z,WH-WASH,Vendor C - 4,PVC,B1095:Processing
TXN-B1095-4,B1095,Vendor-Issue,MB,APPROVED,2025-02-10T11:03:33Z,WH-RECY,Vendor C - 4,PVC,B1095:Recycling
TXN-B1095-5,B1095,Vendor-Issue,SD,APPROVED,2025-02-11T02:15:26Z,WH-FACT,Vendor C - 4,PVC,B1095:Dispatch
TXN-B1096-1,B1096,Vendor-Issue,PR,APPROVED,2025-01-05T19:04:21Z,WH-COLLECT,Vendor C - 5,LDPE,B1096:Collection
TXN-B1096-2,B1096,Vendor-Issue,SEG,APPROVED,2025-01-08T04:09:42Z,WH-COLLECT,Vendor C - 5,LDPE,B1096:Sorting
TXN-B1096-3,B1096,Vendor-Issue,MB,APPROVED,2025-01-09T02:54:03Z,WH-WASH,Vendor C - 5,LDPE,B1096:Processing
TXN-B1096-4,B1096,Vendor-Issue,MB,APPROVED,2025-01-09T17:04:58Z,WH-RECY,Vendor C - 5,LDPE,B1096:Recycling
TXN-B1096-5,B1096,Vendor-Issue,SD,APPROVED,2025-01-11T21:48:14Z,WH-FACT,Vendor C - 5,LDPE,B1096:Dispatch
TXN-B1097-1,B1097,Vendor-Issue,PR,APPROVED,2025-01-09T16:51:12Z,WH-COLLECT,Vendor C - 4,LDPE,B1097:Collection
TXN-B1097-2,B1097,Vendor-Issue,SEG,APPROVED,2025-01-11T01:11:36Z,WH-COLLECT,Vendor C - 4,LDPE,B1097:Sorting
TXN-B1097-3,B1097,Vendor-Issue,MB,APPROVED,2025-01-11T22:56:43Z,WH-WASH,Vendor C - 4,LDPE,B1097:Processing
TXN-B1097-4,B1097,Vendor-Issue,MB,APPROVED,2025-01-14T07:43:35Z,WH-RECY,Vendor C - 4,LDPE,B1097:Recycling
TXN-B1097-5,B1097,Vendor-Issue,SD,APPROVED,2025-01-16T04:57:04Z,WH-FACT,Vendor C - 4,LDPE,B1097:Dispatch
TXN-B1098-1,B1098,Vendor-Issue,PR,APPROVED,2025-01-18T17:00:25Z,WH-COLLECT,Vendor C - 4,LDPE,B1098:Collection
TXN-B1098-2,B1098,Vendor-Issue,SEG,APPROVED,2025-01-20T08:40:06Z,WH-COLLECT,Vendor C - 4,LDPE,B1098:Sorting
TXN-B1098-3,B1098,Vendor-Issue,MB,APPROVED,2025-01-20T20:49:03Z,WH-WASH,Vendor C - 4,LDPE,B1098:Processing
TXN-B1099-1,B1099,Vendor-Issue,PR,APPROVED,2025-02-13T22:59:54Z,WH-COLLECT,Vendor C - 1,HDPE,B1099:Collection
TXN-B1099-2,B1099,Vendor-Issue,SEG,APPROVED,2025-02-15T13:27:27Z,WH-COLLECT,Vendor C - 1,HDPE,B1099:Sorting
TXN-B1099-3,B1099,Vendor-Issue,MB,APPROVED,2025-02-16T10:07:06Z,WH-WASH,Vendor C - 1,HDPE,B1099:Processing
TXN-B1099-4,B1099,Vendor-Issue,MB,APPROVED,2025-02-18T09:18:34Z,WH-RECY,Vendor C - 1,HDPE,B1099:Recycling
TXN-B1099-5,B1099,Vendor-Issue,SD,APPROVED,2025-02-18T22:30:48Z,WH-FACT,Vendor C - 1,HDPE,B1099:Dispatch
TXN-B1100-1,B1100,Vendor-Issue,PR,APPROVED,2025-01-18T02:54:42Z,WH-COLLECT,Vendor C - 2,LDPE,B1100:Collection
TXN-B1100-2,B1100,Vendor-Issue,SEG,APPROVED,2025-01-18T19:28:22Z,WH-COLLECT,Vendor C - 2,LDPE,B1100:Sorting
TXN-B1100-3,B1100,Vendor-Issue,MB,APPROVED,2025-01-19T15:34:21Z,WH-WASH,Vendor C - 2,LDPE,B1100:Processing
TXN-B1100-4,B1100,Vendor-Issue,MB,APPROVED,2025-01-20T15:41:16Z,WH-RECY,Vendor C - 2,LDPE,B1100:Recycling
TXN-B1100-5,B1100,Vendor-Issue,SD,APPROVED,2025-01-21T00:23:25Z,WH-FACT,Vendor C - 2,LDPE,B1100:Dispatch
TXN-B1101-1,B1101,Anomalous,PR,APPROVED,2025-03-01T20:09:59Z,WH-COLLECT,Vendor C - 4,PET,B1101:Collection
TXN-B1101-2,B1101,Anomalous,SEG,APPROVED,2025-03-06T14:57:20Z,WH-COLLECT,Vendor C - 4,PET,B1101:Sorting
TXN-B1101-3,B1101,Anomalous,MB,APPROVED,2025-03-12T15:27:22Z,WH-WASH,Vendor C - 4,PET,B1101:Processing
TXN-B1101-4,B1101,Anomalous,MB,ANOMALY,2025-03-15T20:21:02Z,WH-RECY,Vendor C - 4,PET,B1101:Recycling
TXN-B1101-5,B1101,Anomalous,SD,APPROVED,2025-03-18T07:38:19Z,WH-FACT,Vendor C - 4,PET,B1101:Dispatch
TXN-B1102-1,B1102,Anomalous,PR,ANOMALY,2025-01-11T23:40:43Z,WH-COLLECT,Vendor C - 2,PET,B1102:Collection
TXN-B1102-2,B1102,Anomalous,SEG,ANOMALY,2025-01-14T20:26:12Z,WH-COLLECT,Vendor C - 2,PET,B1102:Sorting
TXN-B1102-3,B1102,Anomalous,MB,APPROVED,2025-01-20T20:13:40Z,WH-WASH,Vendor C - 2,PET,B1102:Processing
TXN-B1102-4,B1102,Anomalous,MB,APPROVED,2025-01-23T21:10:23Z,WH-RECY,Vendor C - 2,PET,B1102:Recycling
TXN-B1102-5,B1102,Anomalous,SD,ANOMALY,2025-01-27T13:03:14Z,WH-FACT,Vendor C - 2,PET,B1102:Dispatch
TXN-B1103-1,B1103,Anomalous,PR,APPROVED,2025-01-12T00:56:54Z,WH-COLLECT,Vendor C - 5,PS,B1103:Collection
TXN-B1103-2,B1103,Anomalous,SEG,APPROVED,2025-01-13T16:23:24Z,WH-COLLECT,Vendor C - 5,PS,B1103:Sorting
TXN-B1103-3,B1103,Anomalous,MB,APPROVED,2025-01-17T06:47:21Z,WH-WASH,Vendor C - 5,PS,B1103:Processing
TXN-B1103-4,B1103,Anomalous,MB,APPROVED,2025-01-21T21:40:06Z,WH-RECY,Vendor C - 5,PS,B1103:Recycling
TXN-B1103-5,B1103,Anomalous,SD,APPROVED,2025-01-24T17:16:47Z,WH-FACT,Vendor C - 5,PS,B1103:Dispatch
TXN-B1104-1,B1104,Anomalous,PR,ANOMALY,2025-02-10T15:21:41Z,WH-COLLECT,Vendor C - 1,PVC,B1104:Collection
TXN-B1104-2,B1104,Anomalous,SEG,APPROVED,2025-02-14T10:24:01Z,WH-COLLECT,Vendor C - 1,PVC,B1104:Sorting
TXN-B1104-3,B1104,Anomalous,MB,APPROVED,2025-02-19T06:10:39Z,WH-WASH,Vendor C - 1,PVC,B1104:Processing
TXN-B1105-1,B1105,Anomalous,PR,APPROVED,2025-02-05T04:52:32Z,WH-COLLECT,Vendor C - 1,PP,B1105:Collection
TXN-B1105-2,B1105,Anomalous,SEG,APPROVED,2025-02-06T09:35:03Z,WH-COLLECT,Vendor C - 1,PP,B1105:Sorting
TXN-B1105-3,B1105,Anomalous,MB,APPROVED,2025-02-12T10:18:43Z,WH-WASH,Vendor C - 1,PP,B1105:Processing
TXN-B1105-4,B1105,Anomalous,MB,APPROVED,2025-02-12T19:25:43Z,WH-RECY,Vendor C - 1,PP,B1105:Recycling
TXN-B1105-5,B1105,Anomalous,SD,APPROVED,2025-02-18T01:19:04Z,WH-FACT,Vendor C - 1,PP,B1105:Dispatch
TXN-B1106-1,B1106,Anomalous,PR,APPROVED,2025-02-13T00:58:50Z,WH-COLLECT,Vendor C - 4,PET,B1106:Collection
TXN-B1106-2,B1106,Anomalous,SEG,APPROVED,2025-02-15T13:19:21Z,WH-COLLECT,Vendor C - 4,PET,B1106:Sorting
TXN-B1106-3,B1106,Anomalous,MB,APPROVED,2025-02-18T12:48:19Z,WH-WASH,Vendor C - 4,PET,B1106:Processing
TXN-B1106-4,B1106,Anomalous,MB,APPROVED,2025-02-21T03:59:25Z,WH-RECY,Vendor C - 4,PET,B1106:Recycling
TXN-B1106-5,B1106,Anomalous,SD,ANOMALY,2025-02-25T08:32:01Z,WH-FACT,Vendor C - 4,PET,B1106:Dispatch
TXN-B1107-1,B1107,Anomalous,PR,APPROVED,2025-03-02T07:58:33Z,WH-COLLECT,Vendor C - 5,LDPE,B1107:Collection
TXN-B1107-2,B1107,Anomalous,SEG,APPROVED,2025-03-06T21:50:09Z,WH-COLLECT,Vendor C - 5,LDPE,B1107:Sorting
TXN-B1107-3,B1107,Anomalous,MB,APPROVED,2025-03-10T16:50:45Z,WH-WASH,Vendor C - 5,LDPE,B1107:Processing
TXN-B1107-4,B1107,Anomalous,MB,APPROVED,2025-03-14T02:02:11Z,WH-RECY,Vendor C - 5,LDPE,B1107:Recycling
TXN-B1107-5,B1107,Anomalous,SD,APPROVED,2025-03-16T19:50:57Z,WH-FACT,Vendor C - 5,LDPE,B1107:Dispatch
TXN-B1108-1,B1108,Anomalous,PR,APPROVED,2025-02-28T12:59:52Z,WH-COLLECT,Vendor C - 1,HDPE,B1108:Collection
TXN-B1108-2,B1108,Anomalous,SEG,APPROVED,2025-03-02T15:22:04Z,WH-COLLECT,Vendor C - 1,HDPE,B1108:Sorting
TXN-B1108-3,B1108,Anomalous,MB,APPROVED,2025-03-07T07:51:20Z,WH-WASH,Vendor C - 1,HDPE,B1108:Processing
TXN-B1108-4,B1108,Anomalous,MB,APPROVED,2025-03-07T16:09:30Z,WH-RECY,Vendor C - 1,HDPE,B1108:Recycling
TXN-B1108-5,B1108,Anomalous,SD,APPROVED,2025-03-11T20:14:20Z,WH-FACT,Vendor C - 1,HDPE,B1108:Dispatch
TXN-B1109-1,B1109,Anomalous,PR,APPROVED,2025-02-19T05:46:29Z,WH-COLLECT,Vendor C - 3,PS,B1109:Collection
TXN-B1109-2,B1109,Anomalous,SEG,APPROVED,2025-02-21T20:07:50Z,WH-COLLECT,Vendor C - 3,PS,B1109:Sorting
TXN-B1109-3,B1109,Anomalous,MB,APPROVED,2025-02-22T20:00:02Z,WH-WASH,Vendor C - 3,PS,B1109:Processing
TXN-B1109-4,B1109,Anomalous,MB,APPROVED,2025-02-26T21:52:32Z,WH-RECY,Vendor C - 3,PS,B1109:Recycling
TXN-B1109-5,B1109,Anomalous,SD,APPROVED,2025-03-01T15:01:34Z,WH-FACT,Vendor C - 3,PS,B1109:Dispatch
TXN-B1110-1,B1110,Anomalous,PR,APPROVED,2025-01-04T11:51:11Z,WH-COLLECT,Vendor C - 3,LDPE,B1110:Collection
TXN-B1110-2,B1110,Anomalous,SEG,APPROVED,2025-01-04T14:25:40Z,WH-COLLECT,Vendor C - 3,LDPE,B1110:Sorting
TXN-B1110-3,B1110,Anomalous,MB,APPROVED,2025-01-08T05:50:05Z,WH-WASH,Vendor C - 3,LDPE,B1110:Processing
TXN-B1110-4,B1110,Anomalous,MB,APPROVED,2025-01-13T02:24:09Z,WH-RECY,Vendor C - 3,LDPE,B1110:Recycling
TXN-B1110-5,B1110,Anomalous,SD,APPROVED,2025-01-18T05:28:14Z,WH-FACT,Vendor C - 3,LDPE,B1110:Dispatch
TXN-B1111-1,B1111,Anomalous,PR,APPROVED,2025-02-19T12:37:14Z,WH-COLLECT,Vendor C - 2,PVC,B1111:Collection
TXN-B1111-2,B1111,Anomalous,SEG,APPROVED,2025-02-21T09:38:06Z,WH-COLLECT,Vendor C - 2,PVC,B1111:Sorting
TXN-B1111-3,B1111,Anomalous,MB,APPROVED,2025-02-21T22:00:36Z,WH-WASH,Vendor C - 2,PVC,B1111:Processing
TXN-B1111-4,B1111,Anomalous,MB,ANOMALY,2025-02-26T02:41:39Z,WH-RECY,Vendor C - 2,PVC,B1111:Recycling
TXN-B1111-5,B1111,Anomalous,SD,ANOMALY,2025-03-01T03:43:28Z,WH-FACT,Vendor C - 2,PVC,B1111:Dispatch
TXN-B1112-1,B1112,Anomalous,PR,APPROVED,2025-02-08T20:47:21Z,WH-COLLECT,Vendor C - 3,PS,B1112:Collection
TXN-B1112-2,B1112,Anomalous,SEG,APPROVED,2025-02-08T23:50:56Z,WH-COLLECT,Vendor C - 3,PS,B1112:Sorting
TXN-B1112-3,B1112,Anomalous,MB,APPROVED,2025-02-09T10:24:12Z,WH-WASH,Vendor C - 3,PS,B1112:Processing
TXN-B1112-4,B1112,Anomalous,MB,APPROVED,2025-02-10T17:43:15Z,WH-RECY,Vendor C - 3,PS,B1112:Recycling
TXN-B1112-5,B1112,Anomalous,SD,APPROVED,2025-02-15T00:39:41Z,WH-FACT,Vendor C - 3,PS,B1112:Dispatch
TXN-B1113-1,B1113,Anomalous,PR,APPROVED,2025-02-28T18:50:56Z,WH-COLLECT,Vendor C - 4,PP,B1113:Collection
TXN-B1113-2,B1113,Anomalous,SEG,APPROVED,2025-03-05T20:49:04Z,WH-COLLECT,Vendor C - 4,PP,B1113:Sorting
TXN-B1113-3,B1113,Anomalous,MB,APPROVED,2025-03-09T22:24:18Z,WH-WASH,Vendor C - 4,PP,B1113:Processing
TXN-B1113-4,B1113,Anomalous,MB,APPROVED,2025-03-14T11:39:00Z,WH-RECY,Vendor C - 4,PP,B1113:Recycling
TXN-B1113-5,B1113,Anomalous,SD,APPROVED,2025-03-17T02:51:20Z,WH-FACT,Vendor C - 4,PP,B1113:Dispatch
TXN-B1114-1,B1114,Anomalous,PR,APPROVED,2025-01-30T15:50:40Z,WH-COLLECT,Vendor C - 1,PS,B1114:Collection
TXN-B1114-2,B1114,Anomalous,SEG,APPROVED,2025-02-01T23:24:03Z,WH-COLLECT,Vendor C - 1,PS,B1114:Sorting
TXN-B1114-3,B1114,Anomalous,MB,APPROVED,2025-02-03T07:53:03Z,WH-WASH,Vendor C - 1,PS,B1114:Processing
TXN-B1114-4,B1114,Anomalous,MB,APPROVED,2025-02-08T03:03:34Z,WH-RECY,Vendor C - 1,PS,B1114:Recycling
TXN-B1114-5,B1114,Anomalous,SD,APPROVED,2025-02-12T05:51:38Z,WH-FACT,Vendor C - 1,PS,B1114:Dispatch
TXN-B1115-1,B1115,Anomalous,PR,APPROVED,2025-01-24T10:55:12Z,WH-COLLECT,Vendor C - 1,PS,B1115:Collection
TXN-B1115-2,B1115,Anomalous,SEG,APPROVED,2025-01-28T11:49:59Z,WH-COLLECT,Vendor C - 1,PS,B1115:Sorting
TXN-B1115-3,B1115,Anomalous,MB,APPROVED,2025-01-28T16:05:41Z,WH-WASH,Vendor C - 1,PS,B1115:Processing
TXN-B1115-4,B1115,Anomalous,MB,APPROVED,2025-02-02T18:49:54Z,WH-RECY,Vendor C - 1,PS,B1115:Recycling
TXN-B1115-5,B1115,Anomalous,SD,APPROVED,2025-02-02T23:46:18Z,WH-FACT,Vendor C - 1,PS,B1115:Dispatch
TXN-B1116-1,B1116,Anomalous,PR,APPROVED,2025-02-10T18:51:12Z,WH-COLLECT,Vendor C - 2,HDPE,B1116:Collection
TXN-B1116-2,B1116,Anomalous,SEG,APPROVED,2025-02-12T02:14:25Z,WH-COLLECT,Vendor C - 2,HDPE,B1116:Sorting
TXN-B1116-3,B1116,Anomalous,MB,APPROVED,2025-02-12T03:16:07Z,WH-WASH,Vendor C - 2,HDPE,B1116:Processing
TXN-B1116-4,B1116,Anomalous,MB,APPROVED,2025-02-17T02:28:37Z,WH-RECY,Vendor C - 2,HDPE,B1116:Recycling
TXN-B1116-5,B1116,Anomalous,SD,APPROVED,2025-02-18T16:32:51Z,WH-FACT,Vendor C - 2,HDPE,B1116:Dispatch
TXN-B1117-1,B1117,Anomalous,PR,APPROVED,2025-01-11T10:47:11Z,WH-COLLECT,Vendor C - 3,PET,B1117:Collection
TXN-B1117-2,B1117,Anomalous,SEG,APPROVED,2025-01-16T09:39:52Z,WH-COLLECT,Vendor C - 3,PET,B1117:Sorting
TXN-B1117-3,B1117,Anomalous,MB,APPROVED,2025-01-19T03:41:17Z,WH-WASH,Vendor C - 3,PET,B1117:Processing
TXN-B1117-4,B1117,Anomalous,MB,APPROVED,2025-01-25T09:37:51Z,WH-RECY,Vendor C - 3,PET,B1117:Recycling
TXN-B1117-5,B1117,Anomalous,SD,APPROVED,2025-01-26T02:38:59Z,WH-FACT,Vendor C - 3,PET,B1117:Dispatch
TXN-B1118-1,B1118,Anomalous,PR,APPROVED,2025-01-21T00:24:55Z,WH-COLLECT,Vendor C - 1,PP,B1118:Collection
TXN-B1118-2,B1118,Anomalous,SEG,APPROVED,2025-01-24T04:22:09Z,WH-COLLECT,Vendor C - 1,PP,B1118:Sorting
TXN-B1118-3,B1118,Anomalous,MB,APPROVED,2025-01-25T03:41:56Z,WH-WASH,Vendor C - 1,PP,B1118:Processing
TXN-B1118-4,B1118,Anomalous,MB,APPROVED,2025-01-26T21:21:54Z,WH-RECY,Vendor C - 1,PP,B1118:Recycling
TXN-B1118-5,B1118,Anomalous,SD,APPROVED,2025-01-28T23:29:20Z,WH-FACT,Vendor C - 1,PP,B1118:Dispatch
TXN-B1119-1,B1119,Anomalous,PR,APPROVED,2025-02-07T07:25:00Z,WH-COLLECT,Vendor C - 2,PVC,B1119:Collection
TXN-B1119-2,B1119,Anomalous,SEG,ANOMALY,2025-02-10T18:47:40Z,WH-COLLECT,Vendor C - 2,PVC,B1119:Sorting
TXN-B1120-1,B1120,Anomalous,PR,APPROVED,2025-02-16T20:15:44Z,WH-COLLECT,Vendor C - 5,HDPE,B1120:Collection
TXN-B1120-2,B1120,Anomalous,SEG,APPROVED,2025-02-17T16:36:35Z,WH-COLLECT,Vendor C - 5,HDPE,B1120:Sorting
TXN-B1120-3,B1120,Anomalous,MB,ANOMALY,2025-02-18T06:32:37Z,WH-WASH,Vendor C - 5,HDPE,B1120:Processing
TXN-B1120-4,B1120,Anomalous,MB,APPROVED,2025-02-21T06:02:32Z,WH-RECY,Vendor C - 5,HDPE,B1120:Recycling
TXN-B1120-5,B1120,Anomalous,SD,APPROVED,2025-02-26T13:34:46Z,WH-FACT,Vendor C - 5,HDPE,B1120:Dispatch
